Rk,Player,Pos,Age,Tm,G,MP,PER,TS%,3PAr,FTr,ORB%,DRB%,TRB%,AST%,STL%,BLK%,TOV%,USG%,0,OWS,DWS,WS,WS/48,0,OBPM,DBPM,BPM,VORP
1,Shareef Abdur-Rahim,PF,29,SAC,72,1961,17.2,.588,.035,.440,6.4,14.8,10.6,13.2,1.3,1.6,12.5,20.1,0,4.0,2.2,6.2,.152,0,0.4,0.4,0.9,1.4
2,Alex Acker,SG,23,DET,5,35,-2.4,.281,.313,.000,3.4,13.7,8.5,17.9,1.6,0.0,20.0,27.2,0,-0.2,0.0,-0.2,-0.230,0,-10.4,-1.9,-12.3,-0.1
3,Malik Allen,PF,27,CHI,54,701,11.5,.504,.004,.154,7.2,15.7,11.5,4.9,1.0,1.8,11.4,19.2,0,0.0,1.0,1.0,.068,0,-3.9,0.0,-3.9,-0.3
4,Ray Allen,SG,30,SEA,78,3022,22.2,.590,.435,.239,2.8,10.6,6.6,17.2,1.8,0.4,10.2,27.4,0,9.8,-0.3,9.5,.150,0,6.7,-3.1,3.6,4.2
5,Tony Allen,PG,24,BOS,51,978,12.9,.554,.124,.489,4.1,9.6,6.9,11.2,2.7,1.4,16.8,18.8,0,0.6,1.0,1.7,.082,0,-1.6,0.2,-1.4,0.2
6,Rafer Alston,PG,29,HOU,63,2431,12.6,.475,.423,.194,1.8,10.4,6.1,30.8,2.3,0.5,16.4,18.8,0,0.2,3.1,3.4,.067,0,0.1,0.7,0.8,1.7
7,Chris Andersen,C,27,NOK,32,570,14.1,.562,.000,1.051,12.4,20.2,16.2,1.7,0.8,5.9,15.4,13.9,0,0.6,0.7,1.3,.112,0,-2.8,1.3,-1.5,0.1
8,Alan Anderson,SF,23,CHA,36,564,10.4,.520,.320,.227,4.4,10.3,7.2,9.3,1.0,0.6,13.9,18.2,0,0.2,0.3,0.4,.037,0,-1.9,-1.8,-3.7,-0.2
9,Derek Anderson,SG,31,TOT,43,1047,10.8,.496,.442,.366,2.4,13.3,8.0,15.7,1.2,0.5,13.3,18.2,0,0.5,1.1,1.6,.074,0,-1.2,-0.4,-1.5,0.1
10,Shandon Anderson,SF,32,MIA,48,638,6.2,.470,.151,.143,3.5,11.1,7.5,6.9,1.4,0.7,15.2,11.4,0,-0.1,0.7,0.5,.039,0,-3.7,0.4,-3.3,-0.2
11,Martynas Andriuskevicius,C,19,CLE,6,9,15.5,.000,.000,.000,13.0,39.8,26.3,0.0,11.9,0.0,0.0,5.1,0,0.0,0.0,0.0,.155,0,-6.8,6.8,0.1,0.0
12,Carmelo Anthony,SF,21,DEN,80,2941,22.0,.563,.097,.451,4.9,10.7,7.8,14.3,1.5,1.1,10.4,32.0,0,6.8,2.6,9.4,.153,0,3.0,-1.6,1.5,2.6
13,Rafael Araujo,C,25,TOR,52,601,4.5,.385,.007,.193,8.4,21.5,14.6,3.7,2.1,0.8,21.1,15.3,0,-1.2,0.4,-0.8,-0.066,0,-6.9,-0.6,-7.5,-0.8
14,Gilbert Arenas,PG,24,WAS,80,3384,23.8,.581,.324,.479,2.0,7.8,4.8,27.0,2.5,0.6,12.8,30.5,0,11.0,2.6,13.6,.193,0,6.9,-1.4,5.5,6.4
15,Trevor Ariza,SF,20,TOT,57,999,11.8,.468,.022,.562,9.6,17.1,13.3,9.8,3.0,0.9,18.0,15.8,0,-0.1,1.0,0.9,.043,0,-2.1,1.5,-0.6,0.4
16,Darrell Armstrong,PG,37,DAL,62,622,7.3,.444,.375,.328,3.6,12.0,7.8,20.6,2.4,0.4,28.4,15.4,0,-0.7,0.7,0.0,.003,0,-3.1,0.2,-2.9,-0.1
17,Carlos Arroyo,PG-SG,26,TOT,77,1194,15.6,.512,.053,.362,3.3,9.8,6.6,31.6,1.7,0.2,15.9,20.7,0,1.6,1.1,2.7,.107,0,-0.6,-1.7,-2.3,-0.1
18,Chucky Atkins,PG-SG,31,TOT,71,1713,12.9,.526,.478,.284,1.6,6.8,4.2,20.0,1.4,0.1,11.9,20.2,0,2.1,1.4,3.6,.100,0,0.9,-2.4,-1.6,0.2
19,Stacey Augmon,SF,37,ORL,36,385,7.6,.412,.000,.411,5.9,10.9,8.5,9.0,1.7,1.2,11.3,12.0,0,0.0,0.3,0.3,.033,0,-3.5,0.4,-3.1,-0.1
20,Vin Baker,C,34,LAC,8,85,11.2,.589,.000,1.200,2.9,22.2,13.0,7.0,2.5,3.5,28.2,17.4,0,0.0,0.2,0.1,.072,0,-5.7,2.8,-2.8,0.0
21,Marcus Banks,PG,24,TOT,58,1497,13.6,.543,.135,.314,1.9,8.8,5.4,25.3,1.9,0.6,18.3,20.6,0,0.9,1.4,2.3,.074,0,-0.7,-0.9,-1.6,0.1
22,Leandro Barbosa,SG,23,PHO,57,1592,15.1,.589,.346,.259,2.2,8.1,5.2,14.4,1.5,0.3,12.3,20.3,0,2.6,1.2,3.8,.115,0,1.5,-1.1,0.3,0.9
23,Matt Barnes,PF-SF,25,TOT,56,631,10.7,.545,.107,.336,8.9,13.7,11.3,7.0,1.6,0.8,15.7,13.8,0,0.5,0.4,1.0,.075,0,-1.9,-0.9,-2.8,-0.1
24,Andre Barrett,PG,23,TOT,19,282,11.3,.398,.135,.115,3.7,7.1,5.4,29.5,1.9,0.0,12.1,20.3,0,-0.1,0.0,-0.1,-0.019,0,-2.5,-3.2,-5.7,-0.3
25,Earl Barron,C,24,MIA,8,45,-2.8,.366,.000,.250,5.5,20.1,13.1,0.0,0.0,0.0,22.0,23.4,0,-0.2,0.0,-0.2,-0.167,0,-13.9,-6.4,-20.4,-0.2
26,Brent Barry,SG,34,SAS,74,1259,14.8,.581,.586,.171,2.8,11.9,7.5,15.5,1.7,1.5,12.3,16.0,0,2.1,2.2,4.3,.162,0,1.5,1.2,2.7,1.5
27,Jon Barry,SG,36,HOU,20,342,8.5,.553,.492,.446,0.3,10.1,5.3,12.5,2.1,0.2,22.1,13.9,0,0.0,0.4,0.4,.055,0,-3.2,0.3,-2.8,-0.1
28,Eddie Basden,SF,22,CHI,19,141,10.3,.471,.189,.270,5.7,17.0,11.4,8.8,3.3,1.1,17.9,16.1,0,-0.1,0.3,0.2,.065,0,-4.0,2.7,-1.4,0.0
29,Brandon Bass,PF,20,NOK,29,268,9.1,.434,.000,.271,7.8,22.8,15.1,1.8,0.6,2.2,12.3,15.6,0,-0.2,0.3,0.1,.013,0,-6.6,-1.5,-8.2,-0.4
30,Esteban Batista,PF,22,ATL,57,495,7.1,.489,.013,.663,14.4,20.7,17.5,2.1,1.6,1.7,26.9,13.0,0,-0.2,0.3,0.1,.011,0,-4.9,-1.7,-6.6,-0.6
31,Tony Battie,C,29,ORL,82,2215,12.2,.531,.011,.243,8.3,16.9,12.7,3.7,1.1,2.5,12.6,14.9,0,1.7,2.2,3.8,.083,0,-1.8,0.5,-1.3,0.4
32,Shane Battier,SF,27,MEM,81,2839,14.7,.574,.266,.335,7.1,11.2,9.2,8.2,1.8,3.2,11.2,13.7,0,4.6,4.5,9.1,.153,0,0.9,3.1,4.0,4.3
33,Lonny Baxter,C-PF,27,TOT,41,400,11.9,.494,.000,.337,13.2,21.3,17.1,1.7,1.5,1.6,14.3,16.2,0,0.1,0.6,0.7,.088,0,-4.8,-1.1,-5.9,-0.4
34,Charlie Bell,SG,26,MIL,59,1283,14.7,.550,.410,.217,1.9,9.3,5.6,16.6,2.4,0.3,8.4,17.5,0,2.2,1.1,3.3,.123,0,1.6,-0.7,0.9,0.9
35,Raja Bell,SG,29,PHO,79,2959,12.9,.584,.480,.157,1.7,7.7,4.7,9.8,1.3,0.5,8.2,16.4,0,4.7,2.1,6.8,.110,0,2.1,-0.3,1.8,2.8
36,Jonathan Bender,SF,25,IND,2,21,26.4,.850,.000,.400,0.0,21.3,11.0,18.5,0.0,3.5,0.0,13.0,0,0.1,0.0,0.2,.359,0,3.7,1.1,4.8,0.0
37,Mike Bibby,PG,27,SAC,82,3167,17.9,.554,.360,.292,1.1,7.7,4.4,25.2,1.4,0.2,11.3,25.4,0,6.0,2.4,8.4,.127,0,3.2,-2.3,1.0,2.4
38,Andris Biedrins,C,19,GSW,68,1000,13.6,.595,.000,.389,13.5,18.2,15.8,3.9,1.2,3.5,13.6,11.2,0,1.6,1.3,2.9,.137,0,-1.5,1.7,0.2,0.6
39,Chauncey Billups,PG,29,DET,81,2925,23.4,.602,.420,.514,1.6,8.7,5.1,39.3,1.3,0.2,12.0,22.9,0,12.7,2.8,15.5,.254,0,6.9,-2.2,4.7,4.9
40,Steve Blake,PG,25,POR,68,1781,14.5,.549,.391,.194,1.7,8.2,4.9,29.0,1.3,0.2,14.0,15.8,0,3.0,-0.2,2.8,.076,0,1.5,-3.2,-1.7,0.1
41,Andray Blatche,PF,19,WAS,29,175,10.1,.450,.194,.179,7.7,17.8,12.6,9.5,1.5,3.1,14.2,21.5,0,-0.1,0.2,0.1,.026,0,-4.0,-0.4,-4.4,-0.1
42,Mark Blount,C,30,TOT,81,2240,12.1,.549,.000,.302,5.3,14.2,9.8,7.8,1.0,2.6,18.9,21.4,0,-0.5,2.3,1.7,.037,0,-3.5,-0.1,-3.6,-0.9
43,Keith Bogans,SG-SF,25,TOT,72,1912,10.7,.497,.368,.342,3.3,12.4,7.8,11.2,2.0,0.4,12.6,17.2,0,0.3,2.0,2.3,.058,0,-1.4,0.3,-1.1,0.4
44,Andrew Bogut,PF,21,MIL,82,2348,15.2,.555,.005,.320,9.4,19.8,14.5,13.4,1.1,2.3,15.3,15.9,0,3.1,2.4,5.5,.113,0,-0.2,2.0,1.8,2.3
45,Matt Bonner,PF,25,TOR,78,1710,13.7,.582,.520,.163,5.9,14.8,10.2,5.2,1.5,1.4,6.0,14.4,0,3.5,0.5,4.1,.114,0,1.9,-1.2,0.7,1.2
46,Calvin Booth,C,29,WAS,33,250,8.9,.451,.043,.191,8.6,15.8,12.1,7.2,1.9,2.8,13.6,10.5,0,0.1,0.3,0.4,.070,0,-3.1,1.8,-1.4,0.0
47,Carlos Boozer,PF,24,UTA,33,1025,21.4,.585,.000,.343,8.6,25.3,16.9,18.0,1.6,0.6,13.1,23.9,0,2.2,1.3,3.5,.162,0,2.2,0.4,2.6,1.2
48,Chris Bosh,C,21,TOR,70,2751,23.2,.585,.012,.534,8.7,20.6,14.4,11.8,1.0,2.3,10.5,25.2,0,8.7,1.1,9.8,.170,0,2.8,-0.3,2.5,3.1
49,Bruce Bowen,SF,34,SAS,82,2755,9.1,.540,.457,.157,1.5,11.9,6.9,6.8,1.6,0.8,10.5,11.1,0,1.7,4.5,6.2,.108,0,-0.6,2.6,1.9,2.7
50,Ryan Bowen,SF,30,HOU,68,652,4.0,.338,.177,.113,5.7,10.1,7.9,5.9,1.8,0.8,9.1,10.5,0,-0.6,0.8,0.2,.012,0,-5.6,1.2,-4.4,-0.4
51,Earl Boykins,PG,29,DEN,60,1542,15.7,.513,.271,.263,1.6,4.5,3.1,25.0,1.6,0.2,10.1,23.8,0,2.0,0.9,2.9,.090,0,1.1,-3.2,-2.1,0.0
52,Michael Bradley,PF,26,PHI,46,367,8.4,.417,.063,.038,12.7,21.4,17.1,6.9,0.7,1.4,19.1,12.3,0,-0.2,0.3,0.1,.019,0,-4.7,-0.7,-5.4,-0.3
53,Elton Brand,PF,26,LAC,79,3099,26.5,.580,.002,.396,9.3,19.9,14.8,13.1,1.4,4.9,9.3,27.7,0,9.3,5.5,14.8,.229,0,3.6,2.6,6.3,6.5
54,Primoz Brezec,C,26,CHA,79,2165,15.3,.552,.003,.283,9.1,14.8,11.8,3.7,0.5,1.1,8.7,20.0,0,3.4,1.2,4.6,.102,0,-0.9,-2.0,-2.9,-0.5
55,Devin Brown,SG,27,UTA,81,1711,10.3,.493,.224,.402,5.1,9.6,7.3,10.7,1.4,0.7,13.8,19.5,0,0.4,1.1,1.4,.041,0,-1.9,-1.7,-3.7,-0.7
56,Kwame Brown,C,23,LAL,72,1978,11.7,.545,.003,.606,10.8,17.3,14.1,5.6,0.7,1.8,16.9,13.6,0,1.7,1.9,3.6,.088,0,-2.0,0.3,-1.7,0.2
57,P.J. Brown,C,36,NOK,75,2380,12.7,.515,.000,.288,8.9,18.8,13.7,6.3,1.0,1.7,12.0,14.7,0,2.1,2.3,4.4,.088,0,-1.5,1.1,-0.3,1.0
58,Rick Brunson,PG,33,TOT,27,246,6.3,.455,.241,.222,0.5,9.9,5.3,23.4,1.8,0.3,27.1,15.6,0,-0.4,0.2,-0.1,-0.025,0,-5.9,-1.0,-7.0,-0.3
59,Kobe Bryant,SG,27,LAL,80,3277,28.0,.559,.238,.377,2.6,12.7,7.6,24.1,2.4,0.7,9.0,38.7,0,11.6,3.7,15.3,.224,0,7.3,-1.5,5.8,6.5
60,Greg Buckner,SG,29,DEN,73,1758,11.4,.556,.583,.132,2.1,11.7,6.9,10.8,2.5,0.9,10.5,12.6,0,1.7,2.0,3.8,.103,0,0.6,1.1,1.7,1.6
61,Pat Burke,C,32,PHO,42,346,9.9,.517,.055,.165,6.9,16.3,11.7,6.8,0.9,2.6,19.5,21.9,0,-0.3,0.4,0.1,.009,0,-5.4,-0.4,-5.9,-0.3
62,Antonio Burks,PG,25,MEM,57,570,5.1,.367,.042,.160,0.9,7.0,3.9,22.1,2.0,0.0,18.9,16.2,0,-1.1,0.7,-0.4,-0.033,0,-6.9,-1.3,-8.2,-0.9
63,Kevin Burleson,PG,26,CHA,39,340,5.1,.367,.614,.193,1.3,8.0,4.4,20.8,3.9,0.5,20.8,15.7,0,-0.6,0.4,-0.2,-0.032,0,-4.3,0.0,-4.3,-0.2
64,Caron Butler,SF,25,WAS,75,2708,17.0,.535,.110,.306,4.8,15.6,10.0,12.1,2.4,0.5,12.4,23.2,0,3.5,2.8,6.3,.112,0,0.5,0.3,0.8,1.9
65,Jackie Butler,C,20,NYK,55,740,14.8,.587,.000,.358,10.9,19.3,15.0,6.1,1.2,3.4,19.9,19.0,0,0.7,0.6,1.2,.078,0,-1.6,0.0,-1.6,0.1
66,Rasual Butler,SF,26,NOK,79,1875,10.8,.501,.382,.180,3.2,11.8,7.4,3.7,0.9,2.0,8.7,18.6,0,0.4,1.3,1.7,.045,0,-1.6,-1.3,-2.9,-0.4
67,Andrew Bynum,C,18,LAL,46,338,7.4,.394,.000,.329,11.9,16.0,13.9,4.1,0.6,5.0,15.3,15.0,0,-0.4,0.4,0.1,.007,0,-6.3,0.5,-5.8,-0.3
68,Will Bynum,PG,23,GSW,15,162,8.7,.457,.173,.308,2.0,6.3,4.1,19.2,2.2,0.0,19.2,20.1,0,-0.2,0.1,-0.1,-0.021,0,-4.8,-1.8,-6.6,-0.2
69,Zarko Cabarkapa,PF,24,GSW,61,505,9.9,.472,.115,.483,8.0,16.7,12.3,6.5,1.3,1.0,14.2,21.7,0,-0.2,0.5,0.3,.031,0,-4.8,-1.4,-6.3,-0.5
70,Jose Calderon,SG,24,TOR,64,1487,11.4,.495,.138,.295,2.4,9.5,5.8,29.1,1.5,0.2,22.3,14.1,0,0.9,0.0,0.9,.029,0,-1.8,-2.1,-3.9,-0.7
71,Marcus Camby,C,31,DEN,56,1857,19.9,.499,.017,.240,8.4,33.3,21.0,10.2,2.2,7.5,11.4,19.5,0,1.0,4.5,5.5,.141,0,-2.2,6.0,3.8,2.7
72,Brian Cardinal,PF,28,MEM,36,402,10.0,.505,.261,.243,3.4,13.1,8.3,14.2,3.2,0.0,18.0,18.1,0,-0.1,0.7,0.6,.074,0,-2.8,0.9,-1.9,0.0
73,Matt Carroll,SG,25,CHA,78,1275,13.9,.540,.389,.353,2.9,12.0,7.1,4.6,1.9,0.7,8.0,20.8,0,1.6,1.0,2.6,.097,0,-0.4,-2.1,-2.5,-0.2
74,Anthony Carter,PG,30,MIN,45,589,10.6,.465,.109,.401,1.9,10.5,6.3,26.9,2.2,1.2,19.9,16.2,0,-0.1,0.7,0.6,.047,0,-3.6,-0.3,-3.8,-0.3
75,Vince Carter,SG,29,NJN,79,2906,21.6,.536,.242,.396,5.4,13.4,9.3,24.4,1.7,1.5,10.7,32.3,0,4.9,4.4,9.3,.153,0,3.9,0.5,4.4,4.7
76,Sam Cassell,PG,36,LAC,78,2653,18.5,.534,.171,.301,1.8,10.4,6.3,32.5,1.5,0.3,12.2,25.0,0,4.8,2.8,7.6,.137,0,2.8,-1.0,1.8,2.5
77,Kelvin Cato,C,31,TOT,27,333,9.3,.493,.000,.417,7.6,18.0,12.9,1.9,1.0,2.8,15.3,16.7,0,0.0,0.4,0.3,.045,0,-5.2,-1.3,-6.5,-0.4
78,Tyson Chandler,C,23,CHI,79,2121,12.2,.567,.004,.682,14.4,24.2,19.3,5.6,1.0,3.8,25.1,10.4,0,1.5,3.9,5.4,.123,0,-2.0,4.2,2.2,2.2
79,Calbert Cheaney,SF,34,GSW,42,448,6.0,.412,.074,.074,4.9,10.5,7.6,6.6,1.5,0.3,13.2,12.8,0,-0.3,0.3,0.0,.000,0,-5.4,-0.1,-5.5,-0.4
80,Josh Childress,SF,22,ATL,74,2249,15.8,.626,.129,.399,7.0,13.9,10.3,9.4,2.0,1.3,14.6,14.0,0,4.6,1.1,5.7,.121,0,1.4,0.1,1.5,2.0
81,Doug Christie,SG,35,DAL,7,185,6.8,.416,.038,.462,1.3,7.0,4.2,10.9,2.7,0.4,16.1,9.4,0,-0.1,0.2,0.1,.035,0,-2.9,1.3,-1.6,0.0
82,Speedy Claxton,PG,27,NOK,71,2019,16.1,.497,.086,.435,2.2,9.3,5.7,29.8,2.9,0.2,14.9,23.8,0,1.1,2.0,3.0,.072,0,0.4,-0.3,0.1,1.0
83,Mateen Cleaves,PG,28,SEA,27,230,9.1,.448,.225,.338,1.0,6.4,3.7,27.4,0.7,0.7,14.7,18.6,0,0.1,-0.1,0.0,-0.005,0,-2.7,-5.4,-8.1,-0.4
84,Jarron Collins,C,27,UTA,79,1730,11.0,.551,.000,.782,9.3,14.1,11.7,9.1,1.1,1.3,13.9,11.7,0,2.5,1.4,3.9,.107,0,-1.0,0.3,-0.7,0.6
85,Jason Collins,C,27,NJN,71,1895,5.5,.425,.046,.328,5.7,15.6,10.6,5.7,1.3,1.7,16.9,9.0,0,-0.9,2.9,2.0,.051,0,-5.1,3.0,-2.1,0.0
86,Nick Collison,PF,25,SEA,66,1448,14.0,.556,.008,.287,11.8,19.0,15.4,8.1,0.8,1.9,14.8,16.1,0,2.2,0.1,2.3,.075,0,-0.1,-1.0,-1.1,0.3
87,Brian Cook,PF,25,LAL,81,1535,15.6,.578,.164,.198,6.8,14.2,10.5,8.3,1.3,1.6,9.9,18.3,0,3.0,1.5,4.5,.142,0,0.1,-0.8,-0.7,0.5
88,Jamal Crawford,SG,25,NYK,79,2555,15.5,.544,.333,.406,1.7,10.2,5.9,20.9,1.8,0.5,14.4,21.5,0,3.7,0.8,4.5,.084,0,2.1,-1.4,0.7,1.7
89,Austin Croshere,PF,30,IND,50,1148,15.2,.618,.491,.358,6.4,19.8,13.3,9.1,1.0,0.4,12.7,15.3,0,2.5,1.7,4.1,.173,0,1.3,0.6,2.0,1.2
90,Eddy Curry,C,23,NYK,72,1865,17.0,.604,.000,.814,9.4,18.9,14.1,1.9,0.8,2.5,18.1,24.1,0,2.3,1.0,3.3,.084,0,-1.6,-2.6,-4.2,-1.0
91,Samuel Dalembert,C,24,PHI,66,1761,14.2,.568,.003,.358,10.6,25.4,18.0,2.2,1.0,6.9,20.0,13.8,0,0.9,2.6,3.6,.097,0,-3.8,2.2,-1.6,0.2
92,Erick Dampier,C,30,DAL,82,1934,13.9,.531,.000,.620,17.3,22.4,19.9,4.0,0.8,4.2,20.7,13.4,0,1.9,2.9,4.8,.119,0,-0.8,1.7,1.0,1.4
93,Antonio Daniels,SG,30,WAS,80,2283,13.7,.550,.184,.611,0.9,8.0,4.4,19.2,1.2,0.3,11.3,15.4,0,4.3,0.9,5.3,.111,0,0.1,-1.6,-1.5,0.3
94,Marquis Daniels,SG,25,DAL,62,1766,14.9,.535,.037,.357,5.6,9.6,7.6,16.2,2.1,0.6,14.4,18.3,0,2.4,1.7,4.2,.114,0,0.9,0.4,1.4,1.5
95,Antonio Davis,PF-C,37,TOT,44,940,8.3,.479,.005,.426,11.5,15.5,13.5,3.5,1.3,0.9,18.4,13.4,0,0.0,0.4,0.3,.017,0,-2.8,-0.7,-3.6,-0.4
96,Baron Davis,PG,26,GSW,54,1971,18.3,.489,.376,.336,2.5,11.1,6.7,42.6,2.3,0.5,13.9,25.9,0,2.4,2.0,4.4,.106,0,3.6,-0.4,3.2,2.6
97,Dale Davis,C,36,DET,28,178,9.9,.425,.042,.625,13.9,21.6,17.7,4.8,0.0,3.7,11.6,9.2,0,0.1,0.3,0.4,.108,0,-4.0,1.3,-2.7,0.0
98,Josh Davis,PF,25,TOT,6,17,13.6,.361,.286,.429,20.4,7.1,13.7,8.8,6.0,0.0,10.7,24.8,0,0.0,0.0,0.0,.018,0,-2.0,-0.2,-2.2,0.0
99,Ricky Davis,SG-SF,26,TOT,78,3207,15.6,.521,.186,.265,2.5,10.5,6.6,22.2,1.5,0.4,12.8,24.3,0,2.5,2.5,5.0,.075,0,0.9,-1.0,0.0,1.6
100,Carlos Delfino,SG,23,DET,68,726,10.6,.483,.265,.296,4.5,14.1,9.3,9.7,1.6,1.5,12.4,19.1,0,0.0,1.0,1.0,.067,0,-2.9,-0.1,-3.1,-0.2
101,Tony Delk,PG-SG,32,TOT,24,385,16.1,.526,.292,.168,4.3,12.2,8.2,15.2,1.9,0.2,9.9,23.7,0,0.4,0.5,0.9,.112,0,0.6,-1.5,-0.9,0.1
102,Luol Deng,SF,20,CHI,78,2604,15.8,.517,.082,.289,5.6,17.1,11.4,9.7,1.4,1.5,8.9,20.4,0,2.7,3.8,6.5,.120,0,-0.8,1.7,0.9,1.9
103,Boris Diaw,PF,23,PHO,81,2874,17.3,.564,.035,.279,6.3,15.1,10.8,24.9,1.0,2.1,16.5,17.9,0,5.9,3.0,8.9,.149,0,1.0,2.1,3.1,3.7
104,Dan Dickau,PG,27,BOS,19,234,10.4,.575,.435,.391,2.7,5.6,4.2,25.5,2.4,0.3,25.0,14.1,0,0.3,0.2,0.4,.090,0,-1.1,-2.3,-3.4,-0.1
105,Travis Diener,PG,23,ORL,23,246,12.6,.614,.826,.087,2.1,8.3,5.3,10.6,1.5,0.0,12.2,15.7,0,0.5,0.1,0.6,.115,0,2.5,-2.7,-0.2,0.1
106,Ike Diogu,PF,22,GSW,69,1031,15.8,.596,.000,.503,10.0,14.9,12.4,4.9,0.7,2.2,16.1,21.0,0,1.7,1.0,2.6,.123,0,-2.0,-1.1,-3.1,-0.3
107,DeSagana Diop,C,24,DAL,81,1510,11.5,.512,.013,.468,11.8,17.9,14.9,2.2,1.6,7.4,16.2,6.9,0,1.3,2.7,4.1,.130,0,-1.4,4.8,3.4,2.1
108,Juan Dixon,SG,27,POR,76,1920,14.6,.516,.207,.236,1.9,9.3,5.5,14.9,1.7,0.2,11.1,25.2,0,1.1,0.1,1.2,.030,0,0.1,-3.1,-2.9,-0.5
109,Michael Doleac,C,28,MIA,31,371,9.9,.484,.000,.341,7.6,18.9,13.5,3.2,1.4,1.4,12.2,14.3,0,0.1,0.5,0.6,.079,0,-4.3,-0.1,-4.4,-0.2
110,Keyon Dooling,PG,25,ORL,50,1137,12.6,.513,.106,.299,1.2,7.1,4.2,16.7,2.3,0.3,15.2,22.5,0,0.3,0.8,1.1,.046,0,-1.7,-1.6,-3.3,-0.4
111,Chris Duhon,PG,23,CHI,74,2155,12.9,.538,.517,.266,1.5,10.2,5.9,26.4,1.7,0.1,16.3,15.0,0,2.7,2.5,5.2,.116,0,0.7,0.2,0.9,1.6
112,Tim Duncan,PF,29,SAS,80,2784,23.1,.523,.004,.450,10.1,26.9,18.7,16.5,1.4,4.2,12.2,27.7,0,3.9,6.9,10.8,.187,0,0.2,4.3,4.6,4.6
113,Mike Dunleavy,SF,25,GSW,81,2578,12.5,.503,.319,.309,3.3,14.2,8.6,15.0,1.2,0.9,11.5,18.1,0,1.9,2.3,4.2,.077,0,-0.7,0.4,-0.3,1.1
114,Ronald Dupree,SF,25,MIN,36,265,10.4,.494,.016,.651,9.8,12.4,11.1,8.8,2.4,0.0,14.7,17.0,0,0.0,0.3,0.3,.056,0,-2.7,-0.3,-3.1,-0.1
115,John Edwards,C,24,ATL,40,296,6.4,.508,.000,.172,7.1,12.5,9.7,2.7,0.5,3.9,14.8,12.4,0,0.1,0.1,0.2,.026,0,-4.5,-1.4,-5.9,-0.3
116,Howard Eisley,PG,33,TOT,32,394,9.2,.445,.408,.233,0.9,8.7,4.9,25.6,1.4,0.4,15.6,15.4,0,0.0,0.3,0.3,.037,0,-2.8,-2.2,-5.0,-0.3
117,Monta Ellis,SG,20,GSW,49,886,11.1,.486,.258,.186,2.7,10.7,6.6,14.9,1.9,0.9,14.4,20.2,0,-0.3,0.8,0.5,.028,0,-2.7,-0.4,-3.1,-0.2
118,Francisco Elson,C,29,DEN,72,1579,10.1,.556,.018,.261,7.4,17.6,12.5,4.4,1.7,2.1,17.0,10.8,0,0.8,2.0,2.9,.087,0,-2.5,1.9,-0.6,0.6
119,Melvin Ely,PF,27,CHA,57,1348,14.3,.550,.005,.452,7.6,16.8,11.9,9.7,1.1,2.5,16.4,20.1,0,0.8,1.2,2.0,.072,0,-2.0,0.6,-1.4,0.2
120,Maurice Evans,SG,27,DET,80,1139,14.0,.545,.340,.191,7.8,9.2,8.5,8.5,2.0,1.0,9.5,17.0,0,1.8,1.4,3.2,.135,0,0.7,-0.1,0.6,0.8
121,Reggie Evans,PF,25,TOT,67,1393,12.5,.519,.004,.810,14.6,28.3,21.4,4.0,1.5,0.5,19.0,14.4,0,0.8,1.3,2.1,.072,0,-2.6,-0.9,-3.5,-0.5
122,Daniel Ewing,SG,22,LAC,66,971,7.6,.458,.306,.180,2.9,7.1,5.1,13.2,2.0,0.5,17.2,15.8,0,-0.7,1.0,0.3,.017,0,-3.1,-0.4,-3.5,-0.4
123,Noel Felix,SF,24,SEA,12,82,-1.1,.316,.120,.320,4.4,14.9,9.6,3.5,1.3,2.8,21.9,20.0,0,-0.3,0.0,-0.3,-0.197,0,-10.4,-2.2,-12.5,-0.2
124,Raymond Felton,PG,21,CHA,80,2406,14.2,.483,.307,.251,3.5,9.7,6.4,30.9,2.2,0.3,15.7,21.4,0,0.8,1.8,2.6,.051,0,0.7,-0.8,0.0,1.2
125,Michael Finley,SG,32,SAS,77,2038,12.7,.523,.401,.165,1.8,12.2,7.2,9.3,1.0,0.2,7.7,18.9,0,2.0,2.9,5.0,.117,0,-0.1,-0.3,-0.4,0.8
126,Derek Fisher,PG,31,GSW,82,2589,14.8,.536,.333,.330,1.5,7.7,4.5,22.6,2.5,0.2,13.3,20.2,0,3.4,2.4,5.8,.107,0,1.0,-0.5,0.5,1.6
127,Gerald Fitch,PG,23,MIA,18,239,10.2,.424,.292,.258,3.6,10.9,7.4,21.5,1.5,1.6,13.1,22.0,0,-0.1,0.3,0.1,.026,0,-2.8,-0.8,-3.6,-0.1
128,Marcus Fizer,PF,27,NOK,3,39,14.1,.559,.059,.118,3.0,18.8,10.7,5.3,0.0,0.0,10.1,23.8,0,0.0,0.0,0.0,.056,0,-3.0,-4.4,-7.4,-0.1
129,Sharrod Ford,PF,24,PHO,3,13,0.6,.667,.000,.000,8.7,16.7,12.8,0.0,0.0,5.4,40.0,17.2,0,0.0,0.0,0.0,-0.032,0,-8.8,-1.6,-10.3,0.0
130,T.J. Ford,PG,22,MIL,72,2557,13.1,.489,.132,.314,2.9,11.7,7.2,29.8,2.1,0.2,19.6,20.0,0,0.4,2.1,2.5,.047,0,-0.9,0.2,-0.8,0.8
131,Danny Fortson,C,29,SEA,23,276,8.5,.622,.000,.843,13.4,20.9,17.1,1.1,0.8,0.6,27.1,15.6,0,0.2,0.0,0.2,.038,0,-3.2,-4.2,-7.4,-0.4
132,Jeff Foster,C,29,IND,63,1581,15.1,.581,.016,.636,16.9,24.8,20.9,5.1,1.4,1.2,16.7,11.3,0,2.8,2.9,5.7,.174,0,-0.3,2.3,2.0,1.6
133,Adonal Foyle,C,30,GSW,77,1824,10.3,.524,.000,.223,8.5,17.6,13.0,2.8,1.2,5.1,19.5,10.0,0,0.3,2.5,2.8,.075,0,-4.1,3.5,-0.6,0.6
134,Richie Frahm,SG,28,TOT,33,342,9.4,.517,.700,.100,1.1,10.2,5.7,10.2,0.6,0.4,7.1,15.6,0,0.2,0.3,0.5,.071,0,-0.8,-2.5,-3.4,-0.1
135,Steve Francis,PG-SG,28,TOT,70,2393,15.2,.534,.108,.522,3.9,10.9,7.5,24.6,1.7,0.6,18.5,22.6,0,2.2,1.4,3.6,.073,0,0.6,-0.5,0.1,1.2
136,Channing Frye,C,22,NYK,65,1572,18.1,.541,.014,.358,10.6,18.5,14.5,6.6,1.0,2.5,11.6,24.2,0,2.6,0.9,3.5,.108,0,-0.2,-1.4,-1.6,0.2
137,Dan Gadzuric,C,27,MIL,74,885,17.2,.550,.003,.288,12.0,19.3,15.6,4.9,1.5,3.9,9.1,19.8,0,1.3,1.1,2.5,.134,0,-1.2,0.1,-1.0,0.2
138,Deng Gai,C,23,PHI,2,5,0.0,0,0,0,0.0,0.0,0.0,0.0,0.0,0.0,0,0.0,0,0.0,0.0,0.0,-0.015,0,-6.3,-0.7,-7.0,0.0
139,Reece Gaines,PG,25,MIL,12,54,6.7,.472,.167,.333,0.0,0.0,0.0,8.7,1.0,0.0,6.8,12.5,0,0.0,0.0,0.0,.004,0,-4.8,-4.7,-9.5,-0.1
140,Francisco Garcia,SF,24,SAC,67,1301,10.3,.510,.422,.311,3.5,13.0,8.3,11.2,1.6,2.6,16.9,15.7,0,0.0,1.6,1.6,.060,0,-2.4,1.0,-1.3,0.2
141,Kevin Garnett,PF,29,MIN,76,2957,26.8,.589,.025,.411,8.9,29.7,19.6,20.2,1.9,2.7,11.3,25.5,0,9.0,5.9,14.9,.242,0,4.4,3.5,7.9,7.4
142,Pat Garrity,PF,29,ORL,57,938,9.1,.546,.533,.153,4.2,9.9,7.1,6.5,0.7,0.8,12.8,15.0,0,0.8,0.4,1.2,.062,0,-0.3,-1.9,-2.2,0.0
143,Pau Gasol,PF,25,MEM,80,3135,22.7,.555,.010,.517,7.5,20.0,13.8,23.7,0.8,3.9,13.8,26.4,0,6.6,5.4,12.0,.184,0,2.0,3.1,5.1,5.6
144,Devean George,SF,28,LAL,71,1542,11.3,.484,.376,.202,6.3,14.6,10.5,6.9,2.3,1.7,10.4,15.3,0,0.7,2.0,2.6,.082,0,-1.5,0.7,-0.8,0.5
145,Eddie Gill,PG,27,IND,41,122,9.9,.408,.511,.511,0.0,13.8,7.1,15.8,4.8,0.6,14.0,24.5,0,-0.2,0.3,0.1,.020,0,-3.9,1.3,-2.5,0.0
146,Manu Ginobili,SG,28,SAS,65,1813,22.4,.593,.324,.538,2.8,12.0,7.5,22.2,3.0,1.0,12.8,25.0,0,5.1,3.7,8.8,.234,0,4.3,1.7,6.0,3.7
147,Gordan Giricek,SG,28,UTA,37,956,8.7,.482,.154,.149,1.9,7.0,4.4,12.8,0.9,0.3,13.4,22.8,0,-0.6,0.4,-0.2,-0.010,0,-3.0,-3.3,-6.3,-1.0
148,Anthony Goldwire,PG,34,LAC,3,22,-5.5,.143,.286,.000,0.0,5.1,2.6,12.8,0.0,0.0,12.5,16.8,0,-0.1,0.0,-0.1,-0.245,0,-11.7,-3.8,-15.5,-0.1
149,Ryan Gomes,PF,23,BOS,61,1376,14.0,.548,.025,.420,9.3,16.9,13.2,6.8,1.3,0.3,11.6,15.9,0,1.9,1.2,3.1,.108,0,-1.1,-0.8,-1.9,0.1
150,Drew Gooden,PF,24,CLE,79,2174,17.6,.552,.005,.396,12.8,23.5,18.1,4.4,1.3,1.7,12.2,18.6,0,3.6,2.9,6.6,.145,0,-0.9,0.1,-0.8,0.7
151,Ben Gordon,SG,22,CHI,80,2482,14.5,.531,.332,.233,2.0,8.1,5.1,17.3,1.6,0.2,12.4,26.3,0,1.8,2.6,4.4,.086,0,1.2,-1.0,0.2,1.4
152,Joey Graham,SF,23,TOR,80,1581,10.2,.564,.210,.321,4.2,15.1,9.4,6.0,1.2,0.6,16.3,16.5,0,1.0,0.3,1.3,.038,0,-1.8,-1.7,-3.5,-0.6
153,Stephen Graham,SG,23,TOT,22,175,6.9,.479,.185,.278,3.4,14.8,9.1,6.9,1.5,0.9,17.7,19.6,0,-0.2,0.2,0.0,.009,0,-5.5,-0.9,-6.4,-0.2
154,Danny Granger,SF,22,IND,78,1765,14.7,.540,.195,.310,8.8,16.0,12.5,8.8,1.8,2.6,12.8,16.4,0,2.1,3.0,5.1,.139,0,-0.5,2.6,2.1,1.9
155,Brian Grant,C,33,PHO,21,248,6.6,.445,.000,.123,5.0,20.1,12.8,3.8,1.0,0.8,9.3,13.6,0,-0.1,0.3,0.2,.041,0,-5.6,-0.3,-5.9,-0.2
156,Devin Green,SG,23,LAL,27,135,4.7,.336,.071,.750,8.7,12.2,10.5,7.3,1.2,0.0,11.8,14.3,0,-0.2,0.1,-0.1,-0.018,0,-6.1,-1.6,-7.7,-0.2
157,Gerald Green,SG,20,BOS,32,374,13.1,.541,.145,.268,3.3,9.9,6.7,8.5,1.8,0.8,12.5,21.7,0,0.2,0.3,0.5,.064,0,-2.3,-2.3,-4.5,-0.2
158,Willie Green,SG,24,PHI,10,153,8.6,.513,.288,.076,0.8,10.7,5.7,5.7,0.7,0.0,15.0,23.9,0,-0.2,0.0,-0.1,-0.038,0,-4.5,-4.8,-9.3,-0.3
159,Orien Greene,PG,23,BOS,80,1235,6.4,.449,.158,.269,3.7,10.4,7.2,15.8,3.2,0.6,27.8,14.6,0,-1.8,1.4,-0.3,-0.013,0,-4.6,1.1,-3.4,-0.4
160,Adrian Griffin,SG,31,DAL,52,1245,11.6,.521,.010,.260,7.4,14.4,11.0,10.8,2.2,0.6,14.6,10.0,0,1.4,1.5,2.9,.113,0,0.2,2.2,2.3,1.4
161,Eddie Griffin,C,23,MIN,70,1359,12.2,.397,.222,.200,9.7,24.3,17.2,4.7,0.5,8.2,9.7,15.6,0,-1.0,2.6,1.5,.055,0,-5.2,3.2,-2.0,0.0
162,Anthony Grundy,SG,26,ATL,12,108,16.6,.589,.395,.368,1.1,18.3,9.5,14.7,3.4,0.0,16.9,22.4,0,0.1,0.1,0.2,.095,0,0.1,-1.8,-1.7,0.0
163,Richard Hamilton,SG,27,DET,80,2825,18.2,.553,.091,.229,3.5,7.3,5.4,18.6,1.0,0.4,10.6,27.4,0,5.3,2.4,7.6,.130,0,1.9,-1.8,0.2,1.5
164,Zendon Hamilton,C,30,TOT,12,49,17.6,.593,.000,1.286,7.2,19.5,13.3,0.0,4.3,0.0,21.5,26.3,0,0.0,0.1,0.1,.098,0,-5.9,-3.7,-9.6,-0.1
165,Anfernee Hardaway,SF,34,NYK,4,72,2.0,.336,.071,.143,0.0,17.1,8.4,17.0,1.5,0.0,28.7,13.1,0,-0.2,0.0,-0.2,-0.101,0,-7.5,-0.3,-7.8,-0.1
166,Matt Harpring,SF,29,UTA,71,1944,16.3,.542,.058,.462,9.8,13.2,11.5,9.6,1.7,0.6,11.8,22.0,0,3.1,1.6,4.7,.115,0,0.6,-1.2,-0.6,0.7
167,Al Harrington,PF,25,ATL,76,2782,16.0,.513,.157,.287,5.5,17.4,11.3,15.8,1.6,0.4,12.4,25.6,0,2.6,1.2,3.8,.065,0,0.5,-1.6,-1.1,0.6
168,Othella Harrington,C,32,CHI,72,824,11.1,.530,.000,.451,7.6,13.9,10.7,8.0,0.4,1.2,15.7,21.2,0,0.2,0.9,1.1,.063,0,-3.6,-0.8,-4.4,-0.5
169,Devin Harris,PG,22,DAL,56,1275,17.4,.544,.052,.583,2.5,9.2,5.9,23.4,2.3,1.0,14.2,21.7,0,2.3,1.4,3.7,.139,0,1.0,-0.4,0.6,0.8
170,David Harrison,C,23,IND,67,1034,11.8,.519,.000,.592,9.7,18.4,14.2,2.4,1.2,4.2,17.6,20.2,0,-0.4,1.9,1.5,.068,0,-5.1,0.9,-4.2,-0.6
171,Jason Hart,PG,27,SAC,66,818,7.1,.444,.140,.253,1.7,8.3,5.1,13.4,2.0,0.4,14.9,16.2,0,-0.7,0.8,0.1,.006,0,-4.8,-0.7,-5.6,-0.7
172,Udonis Haslem,PF,25,MIA,81,2491,13.7,.558,.003,.337,8.2,21.2,15.0,5.9,1.1,0.5,10.5,14.1,0,3.9,3.1,7.0,.134,0,-0.8,0.8,0.0,1.3
173,Trenton Hassell,SG,26,MIN,77,2514,9.5,.512,.037,.286,4.0,6.2,5.2,13.2,0.9,0.9,15.2,15.4,0,0.7,1.6,2.3,.044,0,-2.0,-0.3,-2.3,-0.2
174,Chuck Hayes,PF,22,HOU,40,535,18.0,.589,.010,.429,14.9,24.1,19.6,4.6,2.6,2.1,8.8,12.2,0,1.2,1.1,2.4,.212,0,-0.5,2.3,1.8,0.5
175,Jarvis Hayes,SG,24,WAS,21,516,12.2,.499,.257,.164,4.2,13.2,8.6,8.7,1.6,0.2,10.1,18.8,0,0.3,0.4,0.7,.065,0,-1.1,-1.3,-2.5,-0.1
176,Brendan Haywood,C,26,WAS,79,1879,13.8,.542,.000,.519,12.0,17.0,14.5,3.9,0.8,4.3,15.5,14.9,0,2.0,1.9,3.9,.099,0,-1.7,1.1,-0.6,0.6
177,Luther Head,SG,23,HOU,80,2310,11.2,.517,.497,.195,1.7,11.6,6.8,16.2,2.1,0.3,14.8,16.6,0,0.5,2.9,3.5,.072,0,-0.6,0.8,0.2,1.3
178,Alan Henderson,C,33,CLE,51,531,12.2,.564,.000,.538,13.3,17.3,15.3,2.9,0.9,1.7,16.3,11.7,0,0.7,0.6,1.3,.116,0,-2.2,-0.3,-2.4,-0.1
179,Nene Hilario,PF,23,DEN,1,3,-54.4,.000,.000,.000,0.0,0.0,0.0,0.0,0.0,0.0,66.7,44.8,0,-0.1,0.0,-0.1,-1.312,0,-43.9,-3.8,-47.7,0.0
180,Grant Hill,SF,33,ORL,21,613,19.0,.552,.033,.420,3.1,12.7,8.1,14.6,2.1,0.8,10.8,24.9,0,1.1,0.6,1.7,.130,0,0.7,-0.7,0.0,0.3
181,Kirk Hinrich,PG,25,CHI,81,2955,15.5,.528,.316,.291,1.1,10.0,5.6,28.9,1.6,0.6,13.4,21.4,0,4.1,3.5,7.6,.124,0,1.8,0.2,1.9,2.9
182,Julius Hodge,SG,22,DEN,14,33,4.2,.393,.000,.615,17.9,7.0,12.4,29.3,3.1,0.0,32.6,33.3,0,-0.2,0.0,-0.2,-0.219,0,-6.9,0.0,-6.9,0.0
183,Randy Holcomb,SF,26,CHI,4,11,8.2,1.000,.000,.000,10.5,0.0,5.2,0.0,0.0,0.0,0.0,4.1,0,0.0,0.0,0.0,.150,0,0.7,-2.5,-1.8,0.0
184,Robert Horry,PF,35,SAS,63,1182,13.5,.499,.493,.233,7.3,16.7,12.1,10.1,2.0,3.1,11.3,14.7,0,1.0,2.5,3.6,.145,0,-0.2,3.4,3.2,1.5
185,Eddie House,PG,27,PHO,81,1421,15.2,.512,.416,.054,1.2,8.9,5.2,16.4,1.5,0.6,8.9,26.9,0,0.5,1.1,1.6,.054,0,0.3,-2.7,-2.4,-0.1
186,Dwight Howard,PF,20,ORL,82,3021,19.3,.565,.002,.679,12.1,29.2,20.9,7.2,1.2,3.0,15.9,21.3,0,4.2,4.4,8.6,.137,0,-0.2,1.4,1.2,2.5
187,Josh Howard,SF,25,DAL,59,1915,19.3,.536,.085,.359,7.9,15.3,11.7,10.4,1.9,1.0,8.4,22.9,0,4.4,2.3,6.7,.168,0,2.2,0.1,2.3,2.0
188,Juwan Howard,PF,32,HOU,80,2537,12.5,.499,.005,.222,7.9,16.7,12.4,8.4,1.1,0.3,12.4,20.2,0,0.6,3.0,3.7,.069,0,-2.6,0.3,-2.3,-0.2
189,Troy Hudson,PG,29,MIN,36,800,12.2,.480,.303,.156,1.2,5.3,3.3,23.3,0.8,0.4,10.1,23.5,0,0.3,0.4,0.7,.042,0,-0.7,-3.9,-4.6,-0.5
190,Larry Hughes,SG,27,CLE,36,1281,14.0,.504,.162,.412,2.4,12.6,7.4,17.5,2.2,1.3,15.2,23.6,0,0.3,1.5,1.8,.067,0,-1.1,0.8,-0.3,0.6
191,Kris Humphries,PF,20,UTA,62,619,10.3,.406,.025,.320,10.9,20.0,15.4,8.6,2.0,2.2,11.8,19.7,0,-0.6,0.8,0.2,.019,0,-4.7,-0.1,-4.8,-0.4
192,Lindsey Hunter,PG,35,DET,30,353,10.5,.427,.430,.040,3.3,10.2,6.7,27.1,3.0,0.2,16.4,16.4,0,0.0,0.5,0.5,.066,0,-1.7,0.0,-1.7,0.0
193,Steven Hunter,C,24,PHI,69,1312,13.9,.598,.000,.474,9.8,14.4,12.1,2.1,0.5,4.4,15.4,14.4,0,1.5,1.0,2.5,.090,0,-2.4,-0.5,-2.9,-0.3
194,Andre Iguodala,SF,22,PHI,82,3086,14.8,.598,.230,.507,4.4,13.8,9.1,12.9,2.3,0.5,15.4,14.7,0,4.9,2.6,7.5,.116,0,1.2,0.9,2.1,3.2
195,Zydrunas Ilgauskas,C,30,CLE,78,2283,21.9,.576,.006,.427,12.6,18.1,15.3,7.4,0.9,4.6,12.8,24.6,0,5.6,3.1,8.7,.184,0,0.8,1.0,1.8,2.2
196,Didier Ilunga-Mbenga,C,25,DAL,43,237,13.4,.538,.017,.333,9.8,18.4,14.2,1.4,1.4,8.1,18.9,16.7,0,0.0,0.4,0.5,.092,0,-4.2,2.0,-2.2,0.0
197,Allen Iverson,PG,30,PHI,72,3103,25.9,.543,.122,.455,1.7,7.1,4.4,34.9,2.3,0.2,10.2,35.8,0,8.8,1.8,10.6,.165,0,6.0,-2.5,3.5,4.3
198,Royal Ivey,PG,24,ATL,73,978,8.4,.467,.038,.125,3.7,8.2,5.9,12.2,1.3,0.5,7.6,14.0,0,0.6,0.0,0.7,.034,0,-2.7,-2.5,-5.1,-0.8
199,Jarrett Jack,SG,22,POR,79,1599,12.3,.528,.178,.374,1.3,10.8,6.0,23.2,1.4,0.1,17.0,17.8,0,1.1,0.1,1.2,.035,0,-1.2,-2.4,-3.6,-0.7
200,Bobby Jackson,PG,32,MEM,71,1775,14.6,.497,.444,.195,3.0,12.1,7.6,20.7,1.9,0.0,11.1,25.0,0,1.0,2.5,3.5,.095,0,1.1,-1.0,0.1,0.9
201,Jermaine Jackson,PG,29,MIL,30,202,8.2,.544,.154,.538,4.6,11.4,7.9,17.8,1.0,0.4,28.8,10.2,0,0.1,0.1,0.2,.047,0,-3.5,-0.6,-4.1,-0.1
202,Jim Jackson,SF,35,TOT,40,512,3.0,.365,.463,.081,2.4,14.0,8.3,9.1,1.2,0.8,17.4,17.6,0,-1.3,0.5,-0.8,-0.078,0,-6.4,-0.6,-7.0,-0.6
203,Luke Jackson,SF,24,CLE,36,315,7.9,.482,.424,.388,6.0,9.1,7.5,12.4,1.9,0.5,23.8,19.2,0,-0.3,0.3,0.0,-0.003,0,-3.3,-0.9,-4.2,-0.2
204,Marc Jackson,C,31,TOT,64,1027,12.5,.512,.005,.222,9.7,15.4,12.5,7.9,0.7,0.6,13.8,21.5,0,0.3,0.9,1.2,.057,0,-2.9,-1.5,-4.4,-0.6
205,Stephen Jackson,SG,27,IND,81,2910,13.6,.512,.295,.297,2.0,10.1,6.2,14.2,1.9,1.1,13.5,24.0,0,0.5,3.9,4.4,.073,0,-0.5,0.7,0.2,1.6
206,Jerome James,C,30,NYK,45,406,6.3,.494,.000,.331,11.6,15.7,13.6,5.2,0.4,4.6,26.9,21.2,0,-0.7,0.2,-0.5,-0.062,0,-6.0,-0.5,-6.5,-0.5
207,LeBron James,SF,21,CLE,79,3361,28.1,.568,.208,.447,2.6,17.1,9.8,32.8,2.0,1.5,10.7,33.6,0,12.0,4.3,16.3,.232,0,7.9,1.4,9.3,9.5
208,Mike James,PG,30,TOR,79,2925,19.8,.583,.311,.275,1.8,9.5,5.5,28.2,1.3,0.1,13.0,25.0,0,7.7,-0.1,7.6,.125,0,4.8,-2.9,1.9,2.9
209,Antawn Jamison,SF,29,WAS,82,3288,17.7,.518,.250,.199,5.7,21.8,13.5,8.7,1.4,0.3,7.8,23.9,0,4.9,3.2,8.2,.119,0,1.0,-1.0,0.0,1.6
210,Marko Jaric,PG,27,MIN,75,2102,11.7,.468,.235,.244,3.5,9.6,6.7,22.5,2.8,0.8,16.8,17.0,0,-0.3,2.6,2.3,.053,0,-1.3,1.0,-0.3,0.9
211,Sarunas Jasikevicius,PG,29,IND,75,1557,12.9,.561,.550,.310,1.5,9.6,5.7,24.4,1.4,0.2,19.2,18.0,0,1.6,1.7,3.3,.103,0,0.3,-0.9,-0.6,0.6
212,Al Jefferson,PF,21,BOS,59,1062,16.2,.530,.011,.354,11.4,22.6,17.2,5.0,1.5,3.3,12.4,21.6,0,0.9,1.5,2.3,.105,0,-2.6,-0.4,-3.1,-0.3
213,Richard Jefferson,SF,25,NJN,78,3059,18.9,.603,.187,.577,3.6,17.1,10.2,18.0,1.0,0.4,12.1,22.1,0,7.6,4.1,11.7,.184,0,2.3,0.6,3.0,3.8
214,Jared Jeffries,PF,24,WAS,77,1951,11.6,.500,.120,.405,9.5,13.2,11.3,11.6,1.5,2.0,16.8,13.4,0,1.4,1.7,3.1,.076,0,-0.7,1.5,0.8,1.4
215,Amir Johnson,SF,18,DET,3,39,20.3,.850,.300,.400,9.0,3.1,6.1,13.4,0.0,3.7,25.4,19.2,0,0.1,0.0,0.2,.208,0,3.8,-1.4,2.5,0.0
216,Anthony Johnson,PG,31,IND,75,1981,14.2,.520,.257,.234,1.9,7.7,4.9,28.6,1.7,0.8,14.7,18.3,0,2.2,2.3,4.5,.108,0,0.0,-0.3,-0.3,0.9
217,DerMarr Johnson,SG,25,DEN,58,924,11.7,.545,.523,.137,2.4,9.6,6.1,9.5,1.4,2.1,12.4,17.9,0,0.5,0.8,1.3,.070,0,-0.4,-0.8,-1.2,0.2
218,Ervin Johnson,C,38,MIL,18,81,3.1,.419,.000,.118,7.2,28.4,17.6,3.7,0.6,2.0,21.9,12.9,0,-0.1,0.1,0.0,-0.010,0,-8.1,-0.2,-8.3,-0.1
219,Joe Johnson,SG,24,ATL,82,3340,17.9,.537,.258,.237,3.4,8.8,6.0,29.1,1.6,0.7,14.8,24.6,0,5.5,0.4,6.0,.086,0,3.0,-2.4,0.7,2.2
220,Linton Johnson,SF,25,TOT,36,524,10.1,.476,.242,.181,8.9,19.1,13.8,4.5,1.2,1.9,14.8,16.8,0,-0.2,0.6,0.4,.036,0,-3.4,-0.3,-3.7,-0.2
221,Dahntay Jones,SF,25,MEM,71,967,8.0,.462,.080,.354,2.5,10.4,6.5,7.0,2.2,1.2,14.1,17.8,0,-0.9,1.5,0.6,.029,0,-5.3,0.4,-4.8,-0.7
222,Damon Jones,PG,29,CLE,82,2089,9.3,.538,.756,.102,0.8,6.8,3.8,12.6,0.9,0.0,9.7,12.6,0,2.2,1.1,3.4,.077,0,0.6,-1.6,-1.1,0.5
223,Dwayne Jones,PF,22,BOS,14,87,9.2,.445,.000,1.300,14.4,28.7,21.7,3.3,0.6,2.6,16.0,9.9,0,0.0,0.1,0.1,.081,0,-4.8,-0.3,-5.1,-0.1
224,Eddie Jones,SG,34,MEM,75,2437,14.7,.542,.518,.298,1.8,12.0,6.9,12.7,3.0,0.9,10.2,18.1,0,3.0,4.2,7.2,.141,0,1.5,1.5,3.0,3.1
225,Fred Jones,SG,26,IND,68,1837,11.0,.517,.335,.286,1.2,9.3,5.3,14.5,1.6,0.8,14.5,18.7,0,0.4,2.2,2.6,.069,0,-1.4,0.3,-1.1,0.4
226,James Jones,SF,25,PHO,75,1772,13.2,.551,.491,.208,2.8,12.8,7.9,4.5,1.1,1.9,5.2,16.9,0,2.3,1.7,4.0,.110,0,0.1,-0.5,-0.3,0.7
227,Jumaine Jones,PF,26,CHA,76,2089,12.1,.506,.455,.164,5.5,16.1,10.4,5.0,1.7,0.8,8.6,18.3,0,1.2,1.8,3.0,.068,0,-0.4,-0.8,-1.2,0.4
228,Chris Kaman,C,23,LAC,78,2560,15.0,.570,.003,.357,8.9,24.5,17.0,5.0,0.9,3.2,17.7,17.9,0,1.8,4.3,6.1,.114,0,-2.1,1.7,-0.4,1.0
229,Jason Kapono,SF,24,MIA,51,665,9.0,.540,.299,.186,2.2,10.0,6.3,8.6,0.6,0.3,9.5,14.7,0,0.7,0.5,1.2,.085,0,-1.6,-1.7,-3.3,-0.2
230,Mario Kasun,C,25,ORL,28,213,8.9,.506,.000,.333,14.3,20.3,17.4,2.4,0.5,1.1,15.9,20.9,0,0.1,0.2,0.3,.059,0,-4.1,-3.7,-7.8,-0.3
231,Viktor Khryapa,SF,23,POR,69,1492,11.5,.516,.088,.325,9.1,15.8,12.4,9.8,1.8,1.5,17.7,15.1,0,0.6,0.7,1.3,.042,0,-1.5,0.4,-1.0,0.4
232,Jason Kidd,PG,32,NJN,80,2975,19.2,.526,.436,.270,3.3,19.8,11.4,39.0,2.7,0.8,15.9,19.1,0,4.5,5.6,10.1,.163,0,2.7,2.8,5.5,5.6
233,Andrei Kirilenko,SF,24,UTA,69,2604,20.7,.556,.160,.678,7.4,18.4,12.9,20.5,2.1,7.0,17.6,20.5,0,3.6,4.3,7.9,.145,0,1.5,4.9,6.4,5.5
234,Linas Kleiza,PF,21,DEN,61,519,13.2,.510,.075,.468,8.7,17.4,13.1,4.6,1.0,1.9,7.1,19.4,0,0.6,0.6,1.2,.111,0,-2.5,-1.7,-4.3,-0.3
235,Brevin Knight,PG,30,CHA,69,2351,17.3,.478,.017,.407,1.6,9.9,5.5,42.3,3.4,0.1,15.3,20.3,0,2.5,2.5,4.9,.101,0,0.4,-0.2,0.2,1.3
236,Yaroslav Korolev,SF,18,LAC,24,127,4.8,.392,.233,.333,4.8,7.0,5.9,10.3,1.2,0.0,14.9,14.7,0,-0.1,0.1,0.0,-0.013,0,-4.8,-1.5,-6.3,-0.1
237,Kyle Korver,SF,24,PHI,82,2563,12.3,.577,.576,.156,1.2,11.1,6.2,10.2,1.3,0.8,10.8,16.2,0,3.2,1.3,4.6,.086,0,1.2,-1.4,-0.2,1.1
238,Nenad Krstic,PF,22,NJN,80,2469,14.4,.541,.005,.301,8.5,15.9,12.2,6.8,0.7,2.1,11.8,21.6,0,2.0,3.4,5.4,.105,0,-2.2,0.3,-1.8,0.1
239,Toni Kukoc,PF,37,MIL,65,1018,11.9,.491,.493,.188,3.0,14.7,8.8,21.5,1.7,1.3,17.0,17.4,0,0.2,0.9,1.1,.053,0,-1.0,0.0,-1.1,0.2
240,Raef LaFrentz,PF,29,BOS,82,2033,12.0,.546,.518,.136,4.9,19.1,12.2,9.0,0.7,2.7,10.0,14.7,0,2.2,2.0,4.3,.101,0,0.0,0.3,0.3,1.2
241,Maciej Lampe,C,20,TOT,6,28,-4.4,.168,.000,.182,16.9,21.3,19.0,10.0,0.0,0.0,20.2,25.2,0,-0.2,0.0,-0.2,-0.332,0,-15.4,-5.2,-20.6,-0.1
242,David Lee,SF,22,NYK,67,1129,15.4,.607,.000,.535,11.6,21.1,16.3,6.5,1.4,1.5,15.2,13.5,0,2.0,0.8,2.7,.116,0,0.2,0.2,0.4,0.7
243,Voshon Lenard,SG,32,TOT,26,458,10.9,.467,.408,.162,1.3,10.8,6.1,15.6,2.4,0.7,13.2,23.7,0,-0.5,0.3,-0.1,-0.013,0,-1.8,-2.0,-3.7,-0.2
244,Rashard Lewis,SF,26,SEA,78,2876,20.0,.585,.321,.372,4.6,11.9,8.2,10.7,1.9,1.3,9.5,23.1,0,8.2,0.1,8.3,.138,0,4.3,-1.8,2.5,3.3
245,Randy Livingston,PG,30,CHI,5,22,-3.0,.000,.000,.000,5.2,15.6,10.4,6.0,2.3,0.0,33.3,6.2,0,-0.1,0.0,0.0,-0.045,0,-9.0,3.6,-5.3,0.0
246,Shaun Livingston,PG,20,LAC,61,1525,10.2,.460,.023,.221,3.3,10.4,7.0,27.2,1.6,1.6,22.5,15.0,0,-0.5,1.8,1.3,.041,0,-2.9,0.8,-2.1,0.0
247,John Lucas,PG,23,HOU,13,107,7.7,.417,.250,.000,2.2,3.2,2.7,20.3,2.5,0.0,16.3,19.2,0,-0.2,0.1,-0.1,-0.027,0,-4.9,-2.0,-7.0,-0.1
248,Tyronn Lue,PG,28,ATL,51,1234,15.5,.585,.304,.330,1.2,6.9,4.0,21.7,1.1,0.2,13.5,20.4,0,2.8,-0.1,2.7,.104,0,1.6,-4.4,-2.8,-0.3
249,Arvydas Macijauskas,SG,26,NOK,19,135,8.3,.462,.293,.366,2.6,6.3,4.4,6.1,2.8,0.0,14.4,19.2,0,-0.1,0.1,0.0,-0.001,0,-3.8,-1.5,-5.3,-0.1
250,Mark Madsen,C,30,MIN,62,676,5.3,.427,.106,.712,9.1,15.7,12.5,2.4,1.8,1.9,23.1,7.9,0,-0.3,0.9,0.6,.043,0,-4.9,1.5,-3.4,-0.2
251,Corey Maggette,SF,26,LAC,32,943,18.9,.584,.189,.683,3.6,16.6,10.4,12.1,1.1,0.3,13.8,27.7,0,1.9,1.1,3.0,.154,0,1.1,-1.5,-0.4,0.4
252,Jamaal Magloire,C,27,MIL,82,2465,11.1,.494,.000,.541,10.4,27.4,18.8,3.6,0.6,2.6,17.9,17.2,0,-0.8,2.9,2.0,.039,0,-4.7,0.4,-4.3,-1.4
253,Stephon Marbury,PG,28,NYK,60,2193,16.4,.532,.134,.421,1.4,8.4,4.9,31.7,1.5,0.1,14.6,22.2,0,3.5,0.3,3.9,.084,0,2.0,-2.3,-0.3,0.9
254,Shawn Marion,PF,27,PHO,81,3263,23.6,.591,.212,.218,8.7,23.6,16.3,6.8,2.5,2.9,7.7,22.3,0,8.6,5.9,14.6,.214,0,2.9,2.3,5.3,5.9
255,Sean Marks,PF,30,SAS,25,181,17.9,.531,.042,.169,8.0,19.8,14.0,7.0,1.5,2.8,8.4,22.0,0,0.2,0.4,0.6,.156,0,-2.1,0.7,-1.4,0.0
256,Donyell Marshall,PF,32,CLE,81,2077,13.4,.517,.589,.183,5.9,22.3,14.0,4.8,1.5,1.5,11.0,18.2,0,1.4,2.8,4.2,.097,0,-0.4,-0.3,-0.7,0.7
257,Rawle Marshall,SF,23,DAL,23,241,10.1,.488,.050,.483,4.1,11.3,7.7,6.5,1.8,2.2,17.1,17.0,0,-0.1,0.3,0.2,.043,0,-3.7,0.2,-3.5,-0.1
258,Darrick Martin,PG,34,TOR,40,339,11.5,.474,.412,.247,0.7,6.8,3.6,25.7,2.6,0.0,12.2,16.7,0,0.3,0.1,0.4,.052,0,-0.9,-3.4,-4.3,-0.2
259,Kenyon Martin,PF,28,DEN,56,1546,16.7,.533,.037,.283,7.1,19.4,13.3,8.8,1.4,2.5,9.6,21.6,0,1.8,2.0,3.8,.117,0,-0.8,0.6,-0.2,0.7
260,Kevin Martin,SG,22,SAC,72,1913,14.8,.604,.328,.407,3.6,12.3,8.0,8.3,1.5,0.3,11.2,17.4,0,3.6,1.9,5.5,.137,0,0.8,-0.7,0.1,1.0
261,Desmond Mason,SF,28,NOK,70,2102,9.2,.460,.009,.438,3.5,13.6,8.4,5.4,1.1,0.7,12.1,20.8,0,-1.7,1.4,-0.2,-0.005,0,-4.5,-1.0,-5.5,-1.8
262,Jason Maxiell,PF,22,DET,26,159,8.0,.414,.000,.778,8.9,12.1,10.5,3.1,1.4,2.3,13.2,24.9,0,-0.4,0.2,-0.2,-0.054,0,-7.7,-2.1,-9.8,-0.3
263,Sean May,PF,21,CHA,23,398,15.3,.474,.029,.374,11.5,20.9,15.9,9.7,2.2,2.3,14.2,25.9,0,-0.1,0.5,0.4,.047,0,-3.1,0.3,-2.8,-0.1
264,Rashad McCants,SG,21,MIN,79,1362,12.6,.539,.336,.198,2.6,9.8,6.3,8.4,1.7,1.2,12.9,23.3,0,0.2,1.4,1.6,.058,0,-1.1,-1.8,-2.9,-0.3
265,Walter McCarty,SF,31,LAC,36,353,5.9,.407,.455,.212,5.2,16.7,11.2,9.8,1.2,1.1,14.9,16.7,0,-0.5,0.5,0.0,-0.001,0,-4.0,-0.3,-4.3,-0.2
266,Antonio McDyess,PF,31,DET,82,1733,15.5,.520,.004,.218,10.6,19.4,15.0,8.8,1.5,2.0,11.0,18.9,0,1.9,2.8,4.6,.128,0,-1.2,1.2,0.0,0.9
267,Tracy McGrady,SF,26,HOU,47,1745,21.9,.494,.231,.336,3.1,17.2,10.3,28.8,1.8,1.9,9.4,35.0,0,1.4,2.7,4.1,.112,0,3.4,1.3,4.8,3.0
268,Jeff McInnis,SG,31,NJN,28,486,9.2,.478,.112,.203,2.6,9.5,6.0,18.7,1.2,0.3,15.7,17.9,0,-0.2,0.6,0.3,.031,0,-4.3,-0.8,-5.0,-0.4
269,Aaron McKie,PG,33,LAL,14,121,6.1,.272,.167,.167,2.9,16.5,9.7,12.5,2.2,0.0,13.4,5.6,0,0.0,0.1,0.1,.041,0,-5.2,1.5,-3.7,-0.1
270,Keith McLeod,PG,26,UTA,66,1232,8.6,.464,.241,.391,1.1,6.7,3.8,20.7,1.9,0.6,16.0,17.8,0,-0.2,0.8,0.6,.024,0,-3.0,-2.3,-5.3,-1.0
271,Stanislav Medvedenko,PF,26,LAL,2,6,11.0,.500,.000,.000,0.0,0.0,0.0,28.4,0.0,0.0,0.0,15.2,0,0.0,0.0,0.0,.114,0,-3.7,-10.2,-13.8,0.0
272,Chris Mihm,C,26,LAL,59,1541,15.3,.552,.000,.438,10.5,18.0,14.2,6.6,0.5,3.6,13.2,18.7,0,2.2,1.7,4.0,.124,0,-1.6,0.2,-1.4,0.2
273,Aaron Miles,PG,22,GSW,19,118,6.0,.405,.000,.222,0.0,13.6,6.6,29.5,1.7,0.6,35.8,11.6,0,-0.2,0.1,0.0,-0.015,0,-7.7,-0.5,-8.2,-0.2
274,C.J. Miles,PG,18,UTA,23,203,13.8,.456,.263,.316,10.7,12.0,11.3,14.3,1.9,0.8,9.4,21.8,0,0.1,0.2,0.3,.076,0,-0.2,-1.8,-2.1,0.0
275,Darius Miles,SF,24,POR,40,1286,12.5,.480,.020,.320,2.2,15.0,8.5,10.8,1.8,2.3,14.5,25.1,0,-1.6,0.6,-1.0,-0.037,0,-3.7,-0.5,-4.2,-0.7
276,Darko Milicic,C,20,TOT,55,767,15.2,.520,.009,.214,7.2,16.8,12.1,9.2,1.0,7.8,16.6,19.0,0,0.0,1.1,1.2,.073,0,-3.1,3.4,0.3,0.4
277,Andre Miller,PG,29,DEN,82,2937,16.4,.532,.031,.486,3.7,10.2,7.0,36.2,1.8,0.5,19.5,20.0,0,3.6,2.6,6.2,.101,0,0.7,-0.2,0.5,1.8
278,Brad Miller,C,29,SAC,79,2923,17.5,.576,.100,.385,4.9,19.5,12.3,21.5,1.1,1.6,14.9,18.9,0,5.5,3.6,9.1,.150,0,1.1,1.7,2.8,3.5
279,Mike Miller,SG,25,MEM,74,2268,17.2,.595,.446,.276,2.3,18.8,10.6,16.5,1.3,1.0,14.1,21.3,0,3.9,3.5,7.4,.157,0,2.1,0.5,2.6,2.6
280,Yao Ming,C,25,HOU,57,1949,25.6,.592,.001,.439,9.1,25.6,17.5,9.8,0.8,3.9,12.0,29.9,0,5.0,3.5,8.6,.211,0,1.3,1.1,2.4,2.2
281,Cuttino Mobley,SF,30,LAC,79,2979,13.1,.519,.243,.271,2.0,10.9,6.6,13.1,1.6,0.9,11.4,19.8,0,1.9,3.4,5.3,.086,0,0.0,0.4,0.3,1.8
282,Nazr Mohammed,C,28,SAS,80,1389,15.0,.560,.000,.382,14.2,21.2,17.8,4.7,0.8,2.5,17.1,18.3,0,1.7,2.8,4.5,.156,0,-2.0,1.0,-1.0,0.4
283,Sergei Monia,SF,22,TOT,26,343,6.3,.413,.391,.161,3.8,14.6,9.1,8.9,1.1,1.1,11.4,14.5,0,-0.3,0.1,-0.2,-0.025,0,-3.7,-1.5,-5.1,-0.3
284,Mikki Moore,C,30,SEA,47,583,8.6,.509,.016,.500,9.0,18.1,13.5,6.8,0.6,2.0,20.9,14.7,0,0.1,0.0,0.1,.006,0,-3.4,-1.4,-4.8,-0.4
285,Terence Morris,SF,27,ORL,22,192,5.1,.348,.041,.061,4.0,20.0,12.2,3.2,1.7,2.1,12.2,14.1,0,-0.4,0.2,-0.1,-0.031,0,-7.4,0.2,-7.2,-0.3
286,Alonzo Mourning*,C,35,MIA,65,1302,19.4,.615,.003,.711,11.8,20.3,16.2,1.4,0.5,10.2,16.0,17.5,0,2.1,2.6,4.8,.176,0,-2.3,3.0,0.7,0.9
287,Troy Murphy,PF,25,GSW,74,2516,15.9,.529,.216,.381,8.4,24.9,16.5,6.7,1.0,0.8,9.9,19.2,0,3.5,3.0,6.5,.125,0,-0.7,0.1,-0.7,0.8
288,Lamond Murray,SF,32,NJN,57,576,10.8,.493,.431,.221,5.8,21.3,13.4,3.9,1.6,1.0,10.0,18.0,0,-0.1,1.0,0.9,.076,0,-3.8,-0.9,-4.7,-0.4
289,Ronald Murray,SG,26,TOT,76,2112,11.5,.487,.184,.315,1.8,6.9,4.3,15.4,1.7,0.4,13.4,21.7,0,0.2,0.5,0.7,.015,0,-1.6,-2.2,-3.7,-0.9
290,Dikembe Mutombo*,C,39,HOU,64,955,12.7,.626,.000,.958,12.5,24.9,18.8,0.7,1.0,4.9,20.6,8.5,0,1.3,1.8,3.1,.156,0,-4.2,1.8,-2.4,-0.1
291,Boniface N'Dong,C,28,LAC,23,152,11.0,.439,.019,.170,12.0,16.1,14.1,7.5,0.7,2.5,9.5,19.1,0,0.0,0.2,0.2,.058,0,-3.6,-0.7,-4.3,-0.1
292,Bostjan Nachbar,PF-SF,25,TOT,36,502,7.2,.448,.455,.282,1.8,12.6,7.1,8.9,1.7,0.8,12.0,18.6,0,-0.4,0.5,0.1,.005,0,-3.3,-1.0,-4.3,-0.3
293,Lee Nailon,PF,30,PHI,22,237,14.5,.537,.000,.188,11.3,9.4,10.4,5.0,1.7,1.3,10.4,18.6,0,0.3,0.2,0.5,.096,0,-1.4,-2.2,-3.5,-0.1
294,Eduardo Najera,PF,29,DEN,64,1449,10.9,.494,.040,.379,10.4,15.7,13.1,5.2,1.9,1.8,13.3,12.5,0,1.0,1.8,2.7,.090,0,-1.9,1.6,-0.3,0.6
295,Steve Nash,PG,31,PHO,79,2796,23.3,.632,.324,.264,1.9,11.1,6.6,44.4,1.1,0.3,19.0,23.3,0,10.3,2.1,12.4,.212,0,5.4,-1.6,3.7,4.0
296,Jameer Nelson,PG,23,ORL,62,1784,19.5,.567,.229,.252,2.8,9.5,6.2,31.5,2.1,0.4,15.6,25.1,0,3.5,1.4,4.9,.132,0,3.6,-1.4,2.2,1.9
297,Rasho Nesterovic,C,29,SAS,80,1515,11.0,.521,.006,.090,9.1,14.8,12.1,3.4,0.8,4.2,13.2,12.6,0,0.9,2.9,3.7,.118,0,-2.9,2.8,-0.1,0.7
298,Ira Newble,SG,31,CLE,36,353,4.0,.375,.228,.281,7.0,11.9,9.4,3.7,0.8,2.2,15.8,10.0,0,-0.3,0.3,0.1,.009,0,-5.1,0.6,-4.5,-0.2
299,Andres Nocioni,PF,26,CHI,82,2239,16.1,.567,.286,.291,4.6,21.0,12.8,9.0,0.9,1.8,11.3,21.3,0,3.3,3.4,6.7,.144,0,0.2,0.8,1.0,1.7
300,Moochie Norris,PG,32,TOT,45,424,10.1,.479,.125,.375,3.4,11.7,7.5,20.1,2.6,0.2,20.2,18.2,0,-0.3,0.5,0.3,.029,0,-3.7,0.2,-3.5,-0.2
301,Dirk Nowitzki,PF,27,DAL,81,3089,28.1,.589,.173,.382,4.6,23.4,14.2,14.7,1.0,2.1,7.9,30.0,0,13.5,4.3,17.7,.275,0,5.8,-0.1,5.7,6.0
302,Jermaine O'Neal,PF,27,IND,51,1802,20.4,.530,.012,.457,6.7,23.2,15.2,14.9,0.8,4.7,13.5,28.9,0,1.4,3.5,4.9,.131,0,-1.1,3.0,1.9,1.8
303,Shaquille O'Neal,C,33,MIA,59,1806,24.4,.586,.000,.589,11.7,23.1,17.6,12.4,0.7,4.4,14.3,30.0,0,3.3,2.9,6.2,.164,0,1.4,1.2,2.6,2.1
304,Fabricio Oberto,C,30,SAS,59,490,9.3,.491,.022,.290,14.1,15.5,14.8,8.3,1.0,1.6,21.1,12.9,0,0.2,0.9,1.1,.105,0,-2.6,1.9,-0.7,0.2
305,Lamar Odom,PF,26,LAL,80,3221,17.0,.558,.232,.338,6.6,20.3,13.5,22.4,1.2,1.5,16.7,18.1,0,5.4,3.8,9.2,.137,0,1.7,1.7,3.4,4.4
306,Emeka Okafor,PF,23,CHA,26,874,14.9,.464,.000,.396,11.7,23.7,17.3,6.0,1.3,4.4,12.5,21.5,0,-0.2,1.1,1.0,.054,0,-3.5,1.6,-1.9,0.0
307,Mehmet Okur,PF,26,UTA,82,2945,19.0,.554,.207,.402,8.6,22.2,15.4,12.8,0.7,2.1,10.9,23.5,0,6.3,3.0,9.3,.152,0,2.3,-0.3,2.1,3.0
308,Kevin Ollie,SG,33,PHI,70,1069,7.8,.491,.017,.282,1.4,9.3,5.4,13.8,1.6,0.2,12.9,9.6,0,0.5,0.5,1.1,.048,0,-3.4,-0.9,-4.3,-0.6
309,Michael Olowokandi,C,30,TOT,48,919,8.3,.456,.000,.196,6.7,21.7,14.4,4.1,1.3,2.7,17.4,16.2,0,-1.1,1.4,0.3,.014,0,-6.0,0.8,-5.2,-0.7
310,Greg Ostertag,C,32,UTA,60,807,11.6,.503,.000,.387,12.2,21.7,16.9,11.7,0.4,6.8,24.1,11.0,0,0.2,1.1,1.3,.076,0,-3.2,3.5,0.3,0.5
311,Bo Outlaw,PF,34,ORL,32,355,11.8,.610,.000,.138,11.1,15.6,13.4,6.2,1.5,2.7,21.7,10.5,0,0.4,0.4,0.7,.101,0,-1.1,1.4,0.4,0.2
312,Travis Outlaw,PF,21,POR,69,1153,12.9,.491,.144,.242,4.9,14.9,9.9,5.2,1.5,3.0,8.3,18.3,0,0.4,0.5,0.9,.039,0,-2.6,-0.9,-3.5,-0.4
313,Andre Owens,PG,25,UTA,23,210,5.2,.421,.216,.243,6.3,5.8,6.1,6.8,1.3,0.0,13.7,20.9,0,-0.3,0.1,-0.2,-0.047,0,-4.8,-3.6,-8.4,-0.3
314,Zaza Pachulia,C,21,ATL,78,2452,15.0,.530,.003,.593,12.6,17.6,15.0,8.5,1.9,1.2,17.3,19.2,0,2.5,1.4,3.9,.077,0,-0.6,-0.3,-0.9,0.7
315,Scott Padgett,PF,29,NJN,62,718,12.5,.489,.602,.169,9.0,18.1,13.5,9.5,2.1,1.4,8.9,15.5,0,0.6,1.3,1.8,.123,0,-0.7,1.1,0.4,0.4
316,Milt Palacio,PG,27,UTA,71,1376,9.9,.470,.040,.372,1.5,10.4,5.9,24.4,1.9,0.8,19.0,19.5,0,-0.9,1.1,0.2,.008,0,-3.7,-1.3,-5.1,-1.1
317,Jannero Pargo,PG,26,CHI,57,646,9.9,.455,.353,.072,1.4,9.4,5.4,24.8,1.9,0.2,16.8,25.3,0,-0.9,0.8,-0.1,-0.008,0,-2.8,-1.4,-4.2,-0.4
318,Smush Parker,PG,24,LAL,82,2773,13.4,.548,.421,.231,1.6,9.9,5.7,17.3,2.7,0.4,14.6,16.5,0,2.8,3.0,5.8,.100,0,0.7,0.2,1.0,2.1
319,Tony Parker,PG,23,SAS,80,2715,20.8,.584,.032,.315,1.7,9.5,5.7,32.2,1.7,0.1,16.1,27.1,0,5.5,4.1,9.6,.169,0,2.6,0.0,2.6,3.1
320,Ruben Patterson,SF-SG,30,TOT,71,1792,16.4,.547,.020,.532,7.8,8.4,8.1,12.7,2.3,0.9,16.1,24.1,0,1.1,1.0,2.1,.055,0,-0.1,-0.9,-1.0,0.4
321,Chris Paul,PG,20,NOK,78,2808,22.1,.546,.187,.491,2.5,14.8,8.5,38.2,3.4,0.2,13.7,22.2,0,6.8,3.6,10.4,.178,0,4.7,1.4,6.1,5.7
322,Sasha Pavlovic,SG,22,CLE,53,813,6.9,.516,.453,.231,2.3,9.4,5.8,4.9,1.2,0.6,15.2,15.7,0,-0.1,0.6,0.5,.030,0,-2.7,-1.3,-4.0,-0.4
323,Gary Payton*,PG,37,MIA,81,2305,10.7,.520,.420,.230,1.8,9.7,5.9,16.7,1.6,0.3,14.5,14.1,0,1.8,2.3,4.1,.085,0,-0.3,0.1,-0.2,1.0
324,Kendrick Perkins,C,21,BOS,68,1332,13.2,.548,.008,.489,13.1,23.6,18.5,8.1,0.8,6.0,24.9,14.8,0,0.3,2.0,2.3,.082,0,-3.0,3.1,0.0,0.7
325,Morris Peterson,SG,28,TOR,82,3140,15.3,.561,.409,.268,2.4,12.8,7.4,10.0,1.7,0.4,9.3,19.9,0,5.2,0.6,5.9,.090,0,2.4,-1.4,1.0,2.4
326,Johan Petro,C,20,SEA,68,1282,10.4,.530,.000,.250,10.1,17.9,13.9,1.8,1.0,3.1,15.3,13.7,0,0.7,0.2,1.0,.037,0,-2.6,-1.4,-4.0,-0.7
327,Eric Piatkowski,SG,35,CHI,29,228,6.2,.467,.541,.082,2.0,9.5,5.8,8.8,1.4,0.3,14.8,14.7,0,-0.2,0.2,0.1,.018,0,-3.5,-0.4,-3.9,-0.1
328,Paul Pierce,SF,28,BOS,79,3084,23.6,.582,.215,.555,3.1,17.5,10.5,23.4,1.8,0.8,13.0,31.2,0,8.3,3.2,11.5,.178,0,4.7,-0.3,4.3,4.9
329,Mickael Pietrus,SF,23,GSW,52,1179,10.0,.500,.421,.342,5.4,10.2,7.7,6.2,1.4,0.6,14.0,21.1,0,-0.3,0.9,0.6,.024,0,-1.9,-1.5,-3.4,-0.4
330,Zoran Planinic,PG,23,NJN,56,596,6.9,.450,.306,.361,2.7,12.0,7.3,15.0,1.8,0.5,16.9,20.2,0,-0.8,0.8,0.1,.005,0,-5.0,-0.4,-5.5,-0.5
331,Pavel Podkolzin,C,21,DAL,1,18,2.3,.323,.000,3.000,0.0,45.9,23.4,0.0,0.0,4.2,30.1,17.2,0,-0.1,0.0,-0.1,-0.135,0,-16.7,-3.1,-19.8,-0.1
332,Scot Pollard,C,30,IND,45,771,12.3,.495,.000,.247,11.3,21.0,16.3,5.1,2.6,1.9,13.2,11.9,0,0.6,1.6,2.1,.134,0,-2.5,3.3,0.8,0.5
333,James Posey,SF,29,MIA,67,1914,9.8,.572,.734,.154,2.1,16.9,9.8,6.8,1.5,0.8,12.1,11.6,0,1.8,2.4,4.2,.104,0,0.3,1.0,1.4,1.6
334,Vitaly Potapenko,C,30,TOT,33,353,7.4,.535,.000,.239,9.1,12.8,10.9,3.9,0.3,0.4,16.9,12.0,0,0.2,-0.1,0.1,.012,0,-2.6,-3.0,-5.7,-0.3
335,Josh Powell,PF,23,DAL,37,429,9.2,.546,.000,.556,8.0,14.6,11.4,3.2,0.9,0.7,17.9,13.4,0,0.3,0.4,0.7,.079,0,-2.5,-1.1,-3.6,-0.2
336,Ronnie Price,PG,22,SAC,29,150,10.5,.474,.466,.207,3.9,7.7,5.8,12.1,2.1,0.0,13.6,22.4,0,-0.1,0.1,0.1,.021,0,-2.5,-2.7,-5.2,-0.1
337,Tayshaun Prince,SF,25,DET,82,2898,14.8,.524,.183,.238,4.2,10.0,7.1,10.8,1.2,1.0,7.6,19.6,0,4.0,3.0,7.0,.115,0,0.4,0.0,0.4,1.8
338,Laron Profit,SG,28,LAL,25,279,11.8,.550,.214,.286,3.4,14.7,9.1,8.8,2.1,1.4,20.2,19.4,0,0.0,0.3,0.3,.050,0,-3.7,-0.5,-4.2,-0.2
339,Joel Przybilla,C,26,POR,56,1395,15.3,.561,.000,.644,12.4,21.4,16.9,5.0,0.8,7.1,19.9,13.0,0,1.0,1.2,2.3,.078,0,-2.1,2.9,0.8,1.0
340,Vladimir Radmanovic,PF,25,TOT,77,1974,13.6,.545,.551,.177,3.9,17.4,10.8,10.9,1.6,1.1,11.8,18.1,0,2.3,1.4,3.8,.091,0,1.4,-0.7,0.7,1.3
341,Shavlik Randolph,PF,22,PHI,57,487,12.6,.511,.000,.732,13.2,18.8,16.0,5.9,2.0,1.9,14.1,14.0,0,0.5,0.5,1.1,.105,0,-2.4,0.0,-2.4,0.0
342,Zach Randolph,PF,24,POR,74,2545,16.9,.483,.045,.279,9.0,19.1,14.0,11.4,1.2,0.4,10.7,28.8,0,0.4,0.9,1.3,.024,0,-0.8,-2.2,-2.9,-0.6
343,Theo Ratliff,C,32,POR,55,1301,12.2,.599,.000,.439,8.1,17.8,12.9,3.4,0.8,5.2,17.2,9.9,0,1.3,0.7,2.0,.074,0,-2.3,1.8,-0.5,0.5
344,Zeljko Rebraca,C,33,LAC,29,412,10.7,.592,.000,.427,3.8,13.8,9.0,3.5,0.6,3.5,17.4,15.5,0,0.2,0.5,0.7,.086,0,-3.8,0.4,-3.4,-0.1
345,Michael Redd,SG,26,MIL,80,3130,21.2,.574,.272,.377,2.9,10.2,6.5,13.8,1.6,0.1,8.8,28.3,0,8.8,2.0,10.8,.166,0,4.5,-2.0,2.4,3.5
346,Justin Reed,SF,24,TOT,72,997,7.9,.467,.003,.407,6.6,8.4,7.5,6.8,1.2,1.1,13.0,18.9,0,-0.4,0.8,0.4,.021,0,-4.2,-1.3,-5.5,-0.9
347,Jason Richardson,SG,25,GSW,75,2877,19.2,.538,.332,.285,4.0,13.2,8.5,15.6,1.7,1.0,9.4,27.6,0,4.5,2.8,7.3,.122,0,3.2,-0.5,2.8,3.5
348,Quentin Richardson,SF,25,NYK,55,1442,9.6,.452,.410,.198,5.4,14.1,9.7,10.3,1.4,0.3,10.1,17.4,0,0.2,0.5,0.7,.023,0,-0.5,-1.1,-1.6,0.2
349,Luke Ridnour,PG,24,SEA,79,2625,16.0,.506,.186,.284,2.1,8.8,5.4,32.3,2.5,0.6,15.3,18.1,0,4.4,0.0,4.4,.081,0,1.4,-1.9,-0.5,1.0
350,Anthony Roberson,PG,22,MEM,16,88,11.7,.549,.323,.065,0.0,8.2,4.1,10.7,0.6,0.0,8.6,19.3,0,0.1,0.1,0.2,.088,0,-2.0,-3.5,-5.5,-0.1
351,Lawrence Roberts,C,23,MEM,33,181,13.8,.471,.045,.523,17.6,15.3,16.4,4.8,2.5,0.9,8.5,15.9,0,0.2,0.3,0.5,.144,0,-1.4,0.1,-1.4,0.0
352,Bernard Robinson,SF,25,CHA,66,1303,12.0,.498,.058,.367,5.2,14.9,9.7,9.5,3.2,0.6,14.9,17.0,0,0.1,1.6,1.7,.061,0,-2.7,1.5,-1.3,0.2
353,Clifford Robinson,PF,39,NJN,80,1863,9.6,.502,.341,.154,3.4,13.5,8.4,8.2,1.3,1.7,10.2,15.4,0,0.2,2.7,2.8,.073,0,-2.7,1.0,-1.7,0.1
354,Nate Robinson,PG,21,NYK,72,1544,12.6,.512,.258,.358,4.4,8.8,6.6,17.0,2.0,0.1,14.8,22.5,0,1.0,0.5,1.5,.046,0,0.4,-1.9,-1.5,0.2
355,Jalen Rose,SF-SG,33,TOT,72,1983,13.9,.538,.251,.464,1.7,11.6,6.5,15.5,0.8,0.5,12.2,21.8,0,2.5,0.0,2.5,.060,0,0.1,-2.6,-2.5,-0.3
356,Malik Rose,PF,31,NYK,72,1119,10.2,.466,.004,.488,9.0,19.2,14.1,9.7,2.0,1.0,19.0,17.1,0,-0.3,0.8,0.5,.021,0,-3.2,0.5,-2.7,-0.2
357,Quinton Ross,SG,24,LAC,67,1515,7.4,.465,.023,.244,3.0,9.7,6.5,7.8,1.8,0.8,12.1,11.8,0,-0.2,1.7,1.6,.050,0,-3.2,1.3,-1.9,0.0
358,Michael Ruffin,C,29,WAS,76,1010,8.1,.479,.026,.961,13.6,17.7,15.6,3.7,1.7,2.4,25.8,6.5,0,0.6,1.1,1.7,.081,0,-2.4,2.1,-0.3,0.4
359,Kareem Rush,SG,25,CHA,47,1111,9.8,.471,.350,.164,1.8,9.5,5.4,7.7,1.8,0.9,11.4,22.7,0,-1.0,0.7,-0.2,-0.010,0,-2.6,-1.7,-4.3,-0.6
360,Bryon Russell,SF,35,DEN,1,3,16.4,0,0,0,0.0,38.5,19.5,43.2,0.0,0.0,0,0.0,0,0.0,0.0,0.0,.194,0,-4.8,0.9,-3.9,0.0
361,John Salmons,SG,26,PHI,82,2059,10.7,.508,.167,.384,2.7,9.8,6.3,16.7,1.8,0.5,17.0,16.3,0,0.5,1.2,1.7,.040,0,-2.1,-0.9,-3.0,-0.5
362,Jamal Sampson,PF,22,SAC,12,39,24.4,.635,.000,.286,15.2,38.6,27.0,20.8,0.0,7.5,0.0,9.3,0,0.2,0.1,0.2,.293,0,1.5,5.1,6.5,0.1
363,Melvin Sanders,SG,25,SAS,16,113,10.5,.548,.091,.303,4.3,19.4,12.0,4.3,2.4,0.0,17.6,19.2,0,0.0,0.2,0.2,.093,0,-4.5,0.2,-4.2,-0.1
364,Brian Scalabrine,PF,27,BOS,71,938,5.9,.491,.451,.187,3.6,11.0,7.4,8.2,1.2,1.5,19.3,12.7,0,-0.4,0.7,0.3,.015,0,-3.3,-0.4,-3.7,-0.4
365,Alex Scales,SG,27,SAS,1,0,0,0,0,0,0,0,0,0,0,0,0,0,0,0.0,0.0,0.0,0,0,-6.0,1.6,-4.4,0.0
366,Luke Schenscher,C,23,CHI,20,149,9.3,.567,.000,.500,6.2,16.1,11.2,7.3,0.3,1.6,13.6,11.1,0,0.1,0.2,0.3,.095,0,-3.3,0.9,-2.4,0.0
367,Ha Seung-Jin,C,20,POR,27,212,6.9,.572,.000,.548,7.8,20.2,13.9,0.8,0.8,2.9,26.7,11.7,0,-0.1,0.1,0.0,.003,0,-6.0,-1.5,-7.5,-0.3
368,Wayne Simien,PF,22,MIA,43,414,11.5,.541,.000,.283,11.3,13.6,12.5,2.7,1.6,0.2,15.1,17.7,0,0.4,0.5,0.8,.096,0,-2.7,-1.8,-4.5,-0.3
369,Bobby Simmons,SF,25,MIL,75,2538,13.8,.559,.309,.248,4.2,11.5,7.8,11.2,1.8,0.7,12.1,18.3,0,3.3,2.0,5.3,.101,0,1.2,0.2,1.4,2.1
370,James Singleton,SF,24,LAC,59,753,13.6,.587,.132,.331,10.2,19.8,15.2,5.9,1.3,2.1,13.9,12.3,0,1.2,1.1,2.3,.147,0,-0.9,1.1,0.2,0.4
371,Brian Skinner,PF-C,29,TOT,65,944,10.5,.517,.000,.350,9.5,19.2,14.3,5.0,1.4,3.4,19.6,11.4,0,0.1,1.0,1.1,.057,0,-3.7,1.5,-2.1,0.0
372,Charles Smith,SG,30,TOT,22,210,12.0,.530,.528,.111,1.7,7.6,4.6,7.6,1.3,2.2,5.0,17.9,0,0.2,0.0,0.3,.060,0,0.3,-2.9,-2.6,0.0
373,Donta Smith,SG,22,ATL,23,127,12.7,.589,.148,.444,2.8,10.7,6.6,11.4,3.3,0.0,11.0,13.0,0,0.2,0.1,0.3,.104,0,-0.7,-1.2,-1.9,0.0
374,J.R. Smith,SG,20,NOK,55,989,12.7,.515,.383,.276,2.2,11.3,6.6,10.3,2.0,0.3,11.6,21.9,0,0.4,0.8,1.2,.060,0,-0.5,-1.6,-2.1,0.0
375,Joe Smith,PF,30,MIL,44,887,16.1,.533,.007,.377,10.9,20.1,15.4,6.0,1.4,1.2,10.1,20.4,0,1.4,0.9,2.3,.123,0,-1.3,-0.8,-2.1,0.0
376,Josh Smith,SF,20,ATL,80,2559,15.5,.500,.142,.377,8.0,17.2,12.5,12.2,1.3,6.2,15.2,18.9,0,1.5,2.1,3.6,.067,0,-1.3,2.3,1.0,1.9
377,Eric Snow,PG,32,CLE,82,2351,8.1,.444,.025,.233,1.9,8.1,5.0,22.2,1.7,0.6,20.9,10.9,0,0.0,2.0,2.1,.042,0,-3.1,0.5,-2.6,-0.3
378,Kirk Snyder,SG,22,NOK,68,1310,14.6,.537,.285,.258,4.9,9.9,7.3,13.9,1.2,1.4,12.2,20.5,0,1.4,0.9,2.2,.082,0,0.6,-1.1,-0.5,0.5
379,Darius Songaila,PF,27,CHI,62,1329,13.6,.524,.010,.234,6.6,14.6,10.6,11.5,1.4,0.9,13.6,21.3,0,0.7,1.8,2.5,.090,0,-1.9,0.8,-1.1,0.3
380,Pape Sow,C,24,TOR,42,590,9.5,.496,.000,.463,10.7,19.9,15.1,2.0,1.9,2.5,16.8,14.0,0,0.2,0.4,0.6,.045,0,-3.9,-0.5,-4.3,-0.3
381,Jerry Stackhouse,SG,31,DAL,55,1525,14.5,.511,.216,.367,2.6,9.4,6.0,18.0,1.3,0.5,14.7,25.2,0,1.2,1.2,2.4,.076,0,0.0,-1.8,-1.8,0.1
382,DeShawn Stevenson,SG,24,ORL,82,2648,10.9,.507,.019,.310,2.8,8.3,5.6,10.1,1.2,0.5,12.2,18.1,0,1.2,1.3,2.4,.044,0,-1.7,-0.8,-2.6,-0.4
383,Peja Stojakovic,SF,28,TOT,71,2601,16.7,.570,.397,.255,3.6,14.6,9.3,9.4,0.9,0.3,8.3,22.0,0,5.2,2.8,8.0,.147,0,2.2,-1.0,1.2,2.1
384,Awvee Storey,SF,28,WAS,25,116,9.2,.456,.171,.341,7.8,14.5,11.0,5.6,1.3,0.7,9.6,20.0,0,0.0,0.1,0.1,.039,0,-3.6,-2.7,-6.3,-0.1
385,Damon Stoudamire,PG,32,MEM,27,862,13.7,.504,.362,.216,3.3,10.0,6.7,26.6,1.2,0.1,14.9,20.8,0,0.7,1.0,1.7,.093,0,0.5,-1.0,-0.6,0.3
386,Salim Stoudamire,SG,23,ATL,61,1236,12.5,.545,.439,.224,1.1,10.4,5.6,10.5,1.2,0.2,13.2,22.9,0,1.1,0.0,1.2,.046,0,-0.2,-4.3,-4.5,-0.8
387,Amar'e Stoudemire,C,23,PHO,3,50,17.8,.420,.037,.333,13.6,21.7,17.8,5.9,1.0,4.2,3.1,28.7,0,0.0,0.1,0.1,.085,0,-4.8,-1.8,-6.6,-0.1
388,Mike Sweetney,C,23,CHI,66,1222,13.9,.499,.000,.459,11.2,21.7,16.5,8.2,0.8,3.6,15.1,23.2,0,0.1,2.1,2.1,.084,0,-3.5,1.5,-2.1,0.0
389,Robert Swift,C,20,SEA,47,987,12.7,.536,.000,.378,11.3,21.1,16.2,1.2,0.8,4.4,14.8,15.0,0,0.7,0.3,1.1,.052,0,-2.9,-1.5,-4.3,-0.6
390,Stromile Swift,C,26,HOU,66,1344,14.6,.533,.004,.456,9.1,16.1,12.7,3.6,1.5,3.0,14.2,22.7,0,0.4,2.1,2.5,.091,0,-3.6,0.1,-3.4,-0.5
391,Wally Szczerbiak,SF,28,TOT,72,2729,17.7,.595,.252,.306,3.5,10.2,6.9,14.1,0.8,0.5,10.6,22.1,0,6.3,1.7,8.0,.141,0,2.7,-1.8,1.0,2.0
392,Chris Taft,C,20,GSW,17,144,15.6,.578,.000,.158,14.4,13.5,13.9,2.4,0.7,3.6,4.7,13.2,0,0.3,0.1,0.5,.155,0,-0.9,-0.4,-1.3,0.0
393,Donell Taylor,SG,23,WAS,51,465,10.1,.452,.125,.316,3.9,9.5,6.6,15.2,3.4,0.7,18.0,18.1,0,-0.3,0.5,0.2,.017,0,-3.5,0.3,-3.2,-0.1
394,Maurice Taylor,PF,29,NYK,67,1210,8.5,.496,.003,.213,6.5,16.7,11.5,7.9,0.9,0.9,19.5,19.8,0,-1.0,0.4,-0.5,-0.021,0,-4.1,-1.3,-5.4,-1.0
395,Sebastian Telfair,PG,20,POR,68,1641,13.0,.491,.280,.303,1.4,7.5,4.4,26.5,2.2,0.3,14.9,22.2,0,0.4,0.2,0.6,.017,0,-0.1,-2.8,-2.9,-0.4
396,Jason Terry,PG,28,DAL,80,2798,18.4,.575,.379,.191,1.4,5.4,3.4,19.6,2.0,0.7,10.2,22.2,0,7.4,2.3,9.6,.165,0,4.6,-1.7,2.9,3.5
397,Billy Thomas,SG,30,WAS,17,131,9.8,.465,.750,.050,4.3,8.2,6.2,10.6,4.0,0.6,12.8,16.0,0,0.0,0.2,0.2,.063,0,0.0,0.0,0.0,0.1
398,Etan Thomas,C,27,WAS,71,1121,13.6,.560,.000,.508,10.0,19.3,14.5,2.0,0.9,4.7,14.5,14.0,0,1.2,1.3,2.5,.107,0,-2.9,0.5,-2.4,-0.1
399,James Thomas,PF,25,TOT,22,150,5.4,.556,.000,.737,9.3,21.0,15.2,1.0,0.0,1.5,21.8,9.8,0,0.0,0.1,0.2,.052,0,-5.6,-2.6,-8.2,-0.2
400,John Thomas,C,30,TOT,16,127,3.4,.447,.000,.267,9.1,9.6,9.3,2.4,1.3,1.3,32.3,9.1,0,-0.1,0.1,0.0,-0.017,0,-6.4,-1.5,-8.0,-0.2
401,Kenny Thomas,PF,28,SAC,82,2293,15.0,.539,.002,.338,10.3,21.2,15.8,12.0,1.6,1.2,16.3,16.6,0,2.2,3.3,5.5,.115,0,-1.1,1.8,0.7,1.6
402,Kurt Thomas,C,33,PHO,53,1411,13.1,.527,.000,.235,8.2,24.1,16.3,5.6,0.8,2.7,11.7,15.5,0,1.3,2.0,3.3,.112,0,-2.8,1.5,-1.2,0.3
403,Tim Thomas,PF-SF,28,TOT,29,666,12.2,.535,.424,.160,3.8,17.8,10.9,4.4,1.2,0.7,10.5,21.1,0,0.2,0.7,0.9,.065,0,-1.5,-1.6,-3.1,-0.2
404,Dijon Thompson,SG,22,PHO,10,43,22.0,.541,.440,.080,10.6,17.7,14.2,3.9,3.5,1.6,7.2,29.1,0,0.1,0.1,0.1,.146,0,1.5,-2.5,-1.1,0.0
405,Jamaal Tinsley,PG,27,IND,42,1122,12.1,.458,.181,.236,3.7,9.8,6.8,33.3,2.3,0.4,20.4,22.2,0,-0.8,1.5,0.7,.031,0,-1.8,0.5,-1.3,0.2
406,Jake Tsakalidis,C,26,MEM,51,732,17.3,.632,.000,.527,13.1,22.0,17.6,3.2,1.1,3.5,16.1,16.1,0,1.5,1.4,2.8,.186,0,-1.5,0.6,-0.9,0.2
407,Nikoloz Tskitishvili,SF-PF,22,TOT,17,99,8.3,.417,.081,.378,10.3,14.4,12.4,4.2,0.5,1.4,12.2,22.4,0,-0.1,0.1,0.0,-0.023,0,-6.7,-3.0,-9.7,-0.2
408,Ronny Turiaf,C,23,LAL,23,161,12.2,.537,.000,.900,8.1,19.0,13.5,7.5,1.0,4.7,14.3,13.8,0,0.2,0.2,0.4,.115,0,-3.6,1.4,-2.2,0.0
409,Hedo Turkoglu,SF,26,ORL,78,2615,16.7,.578,.323,.338,3.4,12.1,7.9,14.3,1.5,0.6,11.4,20.6,0,5.8,1.9,7.6,.140,0,3.0,-0.7,2.3,2.8
410,Ime Udoka,SF,28,NYK,8,114,6.1,.413,.125,.250,3.2,15.1,9.1,8.4,0.5,0.0,7.0,11.4,0,0.0,0.0,0.0,.001,0,-3.8,-1.6,-5.4,-0.1
411,Beno Udrih,PG,23,SAS,54,586,15.3,.539,.300,.215,3.7,6.7,5.2,27.3,1.3,0.2,17.2,25.1,0,0.5,0.8,1.3,.109,0,0.3,-2.0,-1.7,0.0
412,Nick Van Exel,PG,34,SAS,65,986,11.0,.492,.449,.120,0.7,9.9,5.5,20.2,0.9,0.2,13.6,20.2,0,0.1,1.3,1.4,.070,0,-1.4,-1.4,-2.8,-0.2
413,Keith Van Horn,SF,30,DAL,53,1090,13.8,.540,.351,.292,6.1,15.0,10.6,5.7,1.6,0.8,14.0,21.8,0,1.1,1.2,2.3,.101,0,0.1,-1.6,-1.5,0.1
414,Anderson Varejao,C,23,CLE,48,760,14.8,.541,.007,.793,11.9,24.8,18.3,4.0,2.2,1.9,11.8,14.0,0,1.1,1.3,2.3,.146,0,-1.9,1.2,-0.6,0.3
415,Jacque Vaughn,SG,30,NJN,80,1234,7.5,.488,.024,.331,1.5,7.2,4.3,16.2,1.8,0.1,15.6,12.7,0,0.0,1.5,1.5,.060,0,-4.6,0.0,-4.6,-0.8
416,Charlie Villanueva,PF,21,TOR,81,2361,16.4,.521,.228,.170,9.0,18.4,13.5,6.5,1.3,2.1,8.9,21.7,0,2.9,1.0,3.9,.079,0,0.3,-1.3,-1.0,0.6
417,Jake Voskuhl,C,28,CHA,51,818,11.0,.470,.011,.230,8.3,18.3,13.0,7.9,1.6,2.2,10.3,17.4,0,0.2,0.9,1.0,.061,0,-3.3,0.7,-2.7,-0.1
418,Jackson Vroman,PF,24,NOK,41,406,5.9,.428,.000,.667,9.4,16.0,12.6,4.2,1.6,2.2,19.7,12.2,0,-0.3,0.4,0.1,.014,0,-5.1,1.1,-3.9,-0.2
419,Sasha Vujacic,PG,21,LAL,82,1449,8.4,.479,.551,.167,2.7,10.2,6.5,14.1,1.7,0.2,13.0,12.1,0,0.8,1.2,2.0,.066,0,-1.6,-0.8,-2.4,-0.1
420,Dwyane Wade,SG,24,MIA,75,2892,27.6,.577,.054,.568,4.5,12.6,8.7,33.0,2.6,1.5,13.2,32.5,0,10.2,4.2,14.4,.239,0,5.9,1.6,7.5,7.0
421,Von Wafer,SG,20,LAL,16,73,-1.6,.241,.447,.211,8.1,4.8,6.4,8.2,2.2,0.0,2.4,26.6,0,-0.3,0.1,-0.3,-0.174,0,-7.4,-4.8,-12.2,-0.2
422,Antoine Walker,PF,29,MIA,82,2199,14.4,.524,.427,.144,5.8,16.3,11.3,12.8,1.1,1.0,13.6,23.2,0,1.1,2.5,3.6,.080,0,0.6,-0.6,0.0,1.1
423,Samaki Walker,PF,29,IND,7,22,-6.2,.347,.000,1.000,0.0,15.3,7.9,0.0,0.0,3.3,41.0,10.3,0,-0.1,0.0,0.0,-0.091,0,-12.5,0.3,-12.3,-0.1
424,Ben Wallace,C,31,DET,82,2890,17.5,.501,.009,.637,12.2,25.9,19.0,8.2,2.8,4.6,12.9,11.2,0,3.3,6.9,10.1,.168,0,-0.6,6.4,5.8,5.7
425,Gerald Wallace,SF,23,CHA,55,1895,21.3,.578,.085,.520,7.1,18.9,12.6,8.8,3.7,4.7,12.0,19.3,0,3.0,3.4,6.4,.163,0,1.1,4.7,5.8,3.7
426,Rasheed Wallace,PF,31,DET,80,2780,17.6,.527,.407,.172,3.8,19.8,11.7,11.2,1.6,3.4,6.9,21.1,0,4.0,4.9,8.9,.154,0,1.5,2.0,3.5,3.9
427,Matt Walsh,SG,23,MIA,2,3,-2.4,.532,.000,2.000,0.0,0.0,0.0,0.0,0.0,0.0,34.7,44.3,0,0.0,0.0,0.0,-0.642,0,-17.7,-8.2,-25.9,0.0
428,Luke Walton,SF,25,LAL,69,1333,11.6,.477,.168,.232,7.8,14.0,10.9,17.9,1.6,0.9,17.7,15.0,0,0.6,1.3,2.0,.071,0,-1.8,0.4,-1.3,0.2
429,Hakim Warrick,PF,23,MEM,68,724,11.0,.499,.000,.504,7.3,16.8,12.1,7.5,1.1,2.3,16.7,22.5,0,-0.3,1.1,0.8,.053,0,-5.3,-0.3,-5.5,-0.6
430,Earl Watson,PG,26,TOT,70,1578,14.6,.558,.534,.218,1.8,10.1,5.9,29.0,2.2,0.5,19.6,19.7,0,1.7,1.0,2.7,.081,0,1.7,-1.8,-0.1,0.8
431,Chris Webber,PF,32,PHI,75,2893,18.4,.482,.054,.245,7.4,22.6,15.0,16.4,1.8,1.6,10.4,27.7,0,1.1,3.3,4.4,.074,0,-0.9,0.5,-0.4,1.2
432,Martell Webster,SF,19,POR,61,1070,11.6,.533,.523,.204,3.2,11.5,7.3,5.5,1.1,1.0,10.2,18.7,0,0.8,0.1,0.9,.039,0,-0.2,-3.0,-3.2,-0.3
433,Bonzi Wells,SG,29,SAC,52,1684,16.6,.507,.073,.310,10.0,17.8,13.9,14.8,2.9,1.1,15.3,22.4,0,0.7,2.7,3.4,.096,0,-0.4,2.2,1.8,1.6
434,Jiri Welsch,SF,26,MIL,58,866,9.8,.482,.221,.392,3.0,12.4,7.6,11.0,2.1,0.1,13.6,15.9,0,0.1,0.7,0.8,.043,0,-2.9,-0.3,-3.2,-0.3
435,David Wesley,SG,35,HOU,71,2372,9.6,.546,.483,.333,1.2,7.5,4.4,14.6,1.4,0.2,15.7,15.3,0,1.4,2.2,3.6,.072,0,-0.6,-0.1,-0.7,0.8
436,David West,PF,25,NOK,74,2526,19.7,.554,.011,.228,7.7,18.4,12.9,7.2,1.3,2.1,8.4,23.0,0,4.8,2.6,7.4,.141,0,0.9,0.1,1.0,1.9
437,Delonte West,PG,22,BOS,71,2418,15.1,.574,.319,.148,2.9,11.4,7.3,22.5,1.8,1.5,15.4,16.4,0,3.6,2.1,5.7,.114,0,1.6,0.4,1.9,2.4
438,Robert Whaley,C,23,UTA,23,212,7.6,.411,.000,.105,9.1,15.6,12.3,13.8,1.8,3.1,19.0,16.1,0,-0.2,0.3,0.0,.004,0,-4.7,1.3,-3.5,-0.1
439,Chris Wilcox,C-PF,23,TOT,77,1529,17.3,.605,.004,.340,9.3,22.5,15.9,5.7,1.1,1.7,12.2,17.5,0,3.2,1.2,4.4,.138,0,-0.1,-0.8,-0.9,0.4
440,Damien Wilkins,SF,26,SEA,82,1525,13.1,.529,.129,.372,6.2,9.1,7.6,10.8,2.5,0.6,14.4,17.4,0,1.7,0.1,1.7,.054,0,-0.2,-1.3,-1.5,0.2
441,Mike Wilks,PG,26,TOT,47,348,5.8,.398,.211,.456,3.1,10.4,6.7,13.9,2.1,0.2,18.2,17.3,0,-0.5,0.2,-0.3,-0.042,0,-5.3,-1.0,-6.3,-0.4
442,Aaron Williams,C,34,TOT,48,791,11.6,.551,.000,.330,9.4,18.2,13.6,3.6,1.2,2.2,13.0,13.7,0,0.8,0.8,1.6,.096,0,-2.2,0.2,-2.0,0.0
443,Alvin Williams,PG,31,TOR,1,10,-4.7,.129,.667,.667,0.0,38.3,18.3,0.0,0.0,0.0,0.0,17.9,0,-0.1,0.0,-0.1,-0.278,0,-14.9,-8.5,-23.4,-0.1
444,Deron Williams,PG,21,UTA,80,2307,12.4,.500,.272,.168,1.8,8.4,5.1,28.6,1.4,0.6,14.4,20.3,0,1.5,1.3,2.8,.059,0,0.1,-2.4,-2.3,-0.2
445,Eric Williams,SF,33,TOR,28,352,6.8,.496,.240,.507,3.3,14.5,8.7,6.3,1.0,0.4,14.1,14.0,0,0.0,0.0,0.1,.011,0,-3.4,-1.9,-5.3,-0.3
446,Jason Williams,PG,30,MIA,59,1874,15.0,.561,.475,.162,0.4,8.0,4.4,24.5,1.5,0.2,13.3,18.5,0,3.2,1.6,4.8,.124,0,2.1,-1.6,0.4,1.2
447,Louis Williams,PG,19,PHI,30,145,9.0,.485,.173,.250,2.4,12.9,7.7,11.6,1.8,0.0,18.4,22.2,0,-0.2,0.1,-0.1,-0.036,0,-5.3,-2.8,-8.1,-0.2
448,Marvin Williams,PF,19,ATL,79,1952,12.2,.523,.100,.476,7.3,16.5,11.8,5.2,1.3,0.9,11.4,16.9,0,2.1,0.7,2.8,.069,0,-1.7,-1.9,-3.7,-0.8
449,Mo Williams,PG,23,MIL,58,1531,15.0,.518,.304,.180,2.3,8.9,5.5,26.1,1.8,0.4,13.4,23.4,0,1.5,1.0,2.5,.079,0,1.2,-1.7,-0.6,0.6
450,Corliss Williamson,SF,32,SAC,37,362,8.1,.506,.019,.476,6.9,14.7,10.8,6.2,1.0,0.8,19.4,19.6,0,-0.2,0.4,0.2,.021,0,-5.6,-1.5,-7.1,-0.5
451,Loren Woods,C,27,TOR,27,324,12.3,.476,.017,.237,15.9,26.0,20.8,1.8,1.5,5.6,19.7,11.6,0,0.1,0.3,0.4,.064,0,-3.9,1.0,-2.9,-0.1
452,Qyntel Woods,SF,24,NYK,49,1013,12.4,.572,.236,.299,5.2,17.7,11.4,8.0,1.7,1.1,17.5,15.6,0,0.7,0.6,1.3,.061,0,-0.7,0.0,-0.7,0.3
453,Metta World Peace,SF,26,TOT,56,2207,15.2,.491,.292,.352,4.0,11.0,7.6,15.8,2.9,1.4,11.6,23.6,0,0.5,3.2,3.7,.081,0,0.3,1.3,1.6,2.0
454,Antoine Wright,SG,21,NJN,39,370,0.7,.386,.185,.272,2.5,7.1,4.8,5.2,0.6,0.7,18.8,14.2,0,-0.8,0.3,-0.5,-0.062,0,-8.2,-0.8,-9.0,-0.7
455,Bracey Wright,SG,21,MIN,7,135,12.1,.534,.333,.314,2.7,13.0,8.0,6.5,0.4,0.0,12.1,23.2,0,0.1,0.1,0.2,.054,0,-2.2,-3.9,-6.1,-0.1
456,Dorell Wright,SF,20,MIA,20,132,13.2,.574,.140,.395,1.9,25.6,14.3,9.8,1.2,0.6,21.7,22.6,0,0.0,0.2,0.2,.064,0,-4.8,-0.8,-5.6,-0.1
457,Lorenzen Wright,C,30,MEM,78,1689,12.2,.496,.005,.288,10.3,18.0,14.2,4.9,1.7,2.2,12.8,15.1,0,0.8,3.0,3.7,.106,0,-3.0,1.6,-1.3,0.3
458,Derrick Zimmerman,PG,24,NJN,2,32,5.5,.667,.000,.000,3.6,11.2,7.3,34.2,0.0,0.0,57.1,10.3,0,0.0,0.0,0.0,.004,0,-7.1,-2.6,-9.7,-0.1