Rk,Player,Pos,Age,Tm,G,GS,MP,FG,FGA,FG%,3P,3PA,3P%,2P,2PA,2P%,eFG%,FT,FTA,FT%,ORB,DRB,TRB,AST,STL,BLK,TOV,PF,PTS
1,Arron Afflalo,SG,24,DEN,82,75,2221,272,585,.465,108,249,.434,164,336,.488,.557,72,98,.735,59,193,252,138,46,30,74,225,724
2,Alexis Ajinca,C,21,CHA,6,0,30,5,10,.500,0,0,0,5,10,.500,.500,0,1,.000,1,3,4,0,1,1,2,5,10
3,LaMarcus Aldridge,PF,24,POR,78,78,2922,579,1169,.495,5,16,.313,574,1153,.498,.497,230,304,.757,192,435,627,160,67,48,104,231,1393
4,Joe Alexander,SF,23,CHI,8,0,29,1,6,.167,0,1,.000,1,5,.200,.167,2,3,.667,2,3,5,2,1,1,0,9,4
5,Malik Allen,PF,31,DEN,51,3,456,46,116,.397,1,6,.167,45,110,.409,.401,12,13,.923,36,46,82,16,11,5,22,68,105
6,Ray Allen,SG,34,BOS,80,80,2819,464,973,.477,145,399,.363,319,574,.556,.551,231,253,.913,45,208,253,210,64,25,129,182,1304
7,Tony Allen,SG,28,BOS,54,8,889,129,253,.510,0,5,.000,129,248,.520,.510,72,119,.605,52,93,145,72,59,19,66,109,330
8,Rafer Alston,PG,33,TOT,52,38,1421,155,446,.348,58,168,.345,97,278,.349,.413,59,81,.728,13,116,129,176,50,10,95,103,427
9,Louis Amundson,PF,27,PHO,79,0,1168,152,276,.551,0,1,.000,152,275,.553,.551,67,123,.545,128,218,346,31,24,73,57,169,371
10,Chris Andersen,PF,31,DEN,76,0,1695,142,251,.566,0,3,.000,142,248,.573,.566,164,236,.695,147,336,483,33,42,143,59,171,448
11,David Andersen,C,29,HOU,63,0,891,147,340,.432,27,78,.346,120,262,.458,.472,46,67,.687,54,154,208,44,15,12,37,119,367
12,Antonio Anderson,SF,24,OKC,1,0,15,1,3,.333,0,0,0,1,3,.333,.333,0,0,0,1,0,1,0,0,0,1,1,2
13,Ryan Anderson,PF,21,ORL,63,6,911,169,388,.436,78,211,.370,91,177,.514,.536,71,82,.866,70,132,202,37,25,14,56,81,487
14,Carmelo Anthony,SF,25,DEN,69,69,2634,688,1502,.458,59,187,.316,629,1315,.478,.478,508,612,.830,152,302,454,222,88,30,209,225,1943
15,Joel Anthony,C,27,MIA,80,16,1322,76,159,.478,0,0,0,76,159,.478,.478,66,92,.717,123,126,249,12,20,109,45,158,218
16,Gilbert Arenas,PG,28,WAS,32,32,1169,253,616,.411,63,181,.348,190,435,.437,.462,153,207,.739,17,116,133,230,41,9,117,95,722
17,Trevor Ariza,SF,24,HOU,72,71,2629,394,999,.394,136,407,.334,258,592,.436,.462,148,228,.649,78,325,403,276,126,40,161,162,1072
18,Hilton Armstrong,PF-C,25,TOT,33,0,335,28,79,.354,0,1,.000,28,78,.359,.354,15,32,.469,27,54,81,21,15,12,22,59,71
19,Carlos Arroyo,PG,30,MIA,72,35,1585,178,375,.475,7,25,.280,171,350,.489,.484,76,90,.844,26,104,130,225,36,6,54,102,439
20,Darrell Arthur,PF,21,MEM,32,1,457,63,146,.432,0,1,.000,63,145,.434,.432,17,30,.567,37,73,110,15,14,14,22,60,143
21,Chucky Atkins,PG,35,DET,40,11,644,57,157,.363,22,73,.301,35,84,.417,.433,25,27,.926,5,24,29,91,17,0,32,53,161
22,D.J. Augustin,PG,22,CHA,80,2,1472,168,435,.386,70,178,.393,98,257,.381,.467,102,131,.779,11,86,97,193,45,5,74,127,508
23,Jeff Ayres,C,22,POR,39,4,405,43,65,.662,0,0,0,43,65,.662,.662,18,20,.900,25,73,98,1,7,16,12,76,104
24,Kelenna Azubuike,SF,26,GSW,9,7,231,48,88,.545,10,27,.370,38,61,.623,.602,19,28,.679,12,29,41,10,5,9,7,16,125
25,Renaldo Balkman,SF,25,DEN,13,1,91,6,18,.333,0,7,.000,6,11,.545,.333,2,6,.333,4,19,23,7,8,2,6,16,14
26,Marcus Banks,PG,28,TOR,22,0,244,39,73,.534,7,24,.292,32,49,.653,.582,24,29,.828,3,20,23,26,12,2,20,30,109
27,Leandro Barbosa,PG,27,PHO,44,5,786,155,365,.425,44,136,.324,111,229,.485,.485,64,73,.877,11,58,69,64,23,12,46,71,418
28,Jose Barea,PG,25,DAL,78,18,1546,232,527,.440,56,157,.357,176,370,.476,.493,76,90,.844,17,129,146,258,35,6,102,119,596
29,Andrea Bargnani,PF,24,TOR,80,80,2799,537,1143,.470,121,325,.372,416,818,.509,.523,181,234,.774,105,388,493,93,25,111,120,215,1376
30,Matt Barnes,SF,29,ORL,81,58,2097,271,557,.487,66,207,.319,205,350,.586,.546,108,146,.740,106,339,445,134,59,30,112,185,716
31,Earl Barron,C,28,NYK,7,6,232,30,68,.441,0,0,0,30,68,.441,.441,22,29,.759,31,46,77,8,4,4,11,24,82
32,Brandon Bass,PF,24,ORL,50,3,648,119,233,.511,0,0,0,119,233,.511,.511,52,63,.825,54,73,127,19,12,27,31,69,290
33,Tony Battie,C,33,NJN,15,0,134,14,40,.350,1,4,.250,13,36,.361,.363,7,10,.700,4,19,23,3,4,2,3,19,36
34,Shane Battier,SG,31,HOU,67,62,2168,178,447,.398,101,279,.362,77,168,.458,.511,77,106,.726,74,238,312,164,53,76,64,139,534
35,Nicolas Batum,SF,21,POR,37,25,918,139,268,.519,54,132,.409,85,136,.625,.619,43,51,.843,32,109,141,44,24,25,27,83,375
36,Jerryd Bayless,SG,21,POR,74,11,1304,200,483,.414,29,92,.315,171,391,.437,.444,201,242,.831,18,102,120,172,26,5,94,152,630
37,Michael Beasley,PF,21,MIA,78,78,2328,468,1040,.450,28,102,.275,440,938,.469,.463,192,240,.800,123,375,498,100,80,49,131,221,1156
38,Rodrigue Beaubois,PG,21,DAL,56,16,700,155,299,.518,45,110,.409,110,189,.582,.594,42,52,.808,12,66,78,74,29,12,54,84,397
39,Marco Belinelli,SG,23,TOR,66,1,1121,154,379,.406,60,158,.380,94,221,.425,.485,101,121,.835,14,81,95,89,42,5,60,80,469
40,Charlie Bell,SG,30,MIL,71,39,1611,169,443,.381,73,200,.365,96,243,.395,.464,48,67,.716,31,101,132,104,39,12,54,136,459
41,Raja Bell,SG,33,TOT,6,5,180,28,61,.459,12,27,.444,16,34,.471,.557,3,3,1.000,5,18,23,13,4,2,5,15,71
42,Jonathan Bender,SF,29,NYK,25,1,292,40,100,.400,14,39,.359,26,61,.426,.470,24,26,.923,15,37,52,16,2,17,28,33,118
43,Mike Bibby,PG,31,ATL,80,80,2195,268,644,.416,126,324,.389,142,320,.444,.514,68,79,.861,20,164,184,310,67,3,90,157,730
44,Andris Biedrins,C,23,GSW,33,29,763,81,137,.591,0,0,0,81,137,.591,.591,4,25,.160,63,196,259,57,20,44,32,117,166
45,Chauncey Billups,PG,33,DEN,73,73,2490,402,962,.418,157,407,.386,245,555,.441,.499,466,512,.910,25,203,228,409,82,9,177,153,1427
46,DeJuan Blair,PF,20,SAS,82,23,1494,275,495,.556,0,2,.000,275,493,.558,.556,88,161,.547,200,326,526,65,50,39,112,224,638
47,Steve Blake,PG,29,TOT,80,38,2159,217,522,.416,116,294,.395,101,228,.443,.527,36,48,.750,21,166,187,380,58,6,128,123,586
48,Andray Blatche,PF,23,WAS,81,36,2256,478,999,.478,13,44,.295,465,955,.487,.485,174,234,.744,158,351,509,170,85,71,182,218,1143
49,Keith Bogans,SF,29,SAS,79,50,1559,120,298,.403,70,196,.357,50,102,.490,.520,37,50,.740,25,151,176,95,45,12,53,156,347
50,Andrew Bogut,C,25,MIL,69,69,2229,473,910,.520,0,2,.000,473,908,.521,.520,149,237,.629,208,493,701,127,39,175,131,222,1095
51,Matt Bonner,PF,29,SAS,65,8,1161,166,372,.446,90,231,.390,76,141,.539,.567,35,48,.729,52,162,214,68,30,24,39,109,457
52,Josh Boone,PF,25,NJN,63,28,1045,117,223,.525,0,0,0,117,223,.525,.525,19,58,.328,124,191,315,29,30,48,37,111,253
53,Carlos Boozer,PF,28,UTA,78,78,2673,617,1098,.562,0,0,0,617,1098,.562,.562,285,384,.742,181,693,874,247,84,36,212,270,1519
54,Chris Bosh,C,25,TOR,70,70,2526,600,1158,.518,8,22,.364,592,1136,.521,.522,470,590,.797,205,554,759,166,43,68,169,170,1678
55,Ryan Bowen,SF,34,OKC,1,0,8,1,1,1.000,0,0,0,1,1,1.000,1.000,2,2,1.000,1,1,2,0,1,0,0,2,4
56,Earl Boykins,PG,33,WAS,67,1,1117,172,403,.427,19,60,.317,153,343,.446,.450,77,89,.865,17,58,75,171,24,3,69,48,440
57,Elton Brand,PF,30,PHI,76,57,2297,412,858,.480,0,1,.000,412,857,.481,.480,172,233,.738,179,282,461,109,82,80,131,232,996
58,Corey Brewer,SG,23,MIN,82,82,2482,409,949,.431,82,237,.346,327,712,.459,.474,166,256,.648,70,209,279,193,117,29,164,224,1066
59,Ronnie Brewer,SG,24,TOT,58,53,1742,209,429,.487,8,31,.258,201,398,.505,.497,85,133,.639,45,142,187,154,91,15,53,80,511
60,Primoz Brezec,C,30,TOT,21,0,95,9,26,.346,0,0,0,9,26,.346,.346,1,6,.167,12,13,25,1,1,3,2,19,19
61,Jon Brockman,PF,22,SAC,52,4,654,55,103,.534,0,0,0,55,103,.534,.534,37,62,.597,105,108,213,22,15,5,23,115,147
62,Aaron Brooks,PG,25,HOU,82,82,2919,575,1331,.432,209,525,.398,366,806,.454,.511,245,298,.822,54,161,215,434,69,14,232,199,1604
63,Bobby Brown,PG,25,TOT,45,0,519,88,237,.371,26,98,.265,62,139,.446,.426,13,15,.867,9,29,38,88,15,1,46,42,215
64,Derrick Brown,SF,22,CHA,57,0,535,68,147,.463,2,7,.286,66,140,.471,.469,48,72,.667,31,47,78,19,21,10,19,53,186
65,Devin Brown,SG,31,TOT,50,37,1060,136,361,.377,58,164,.354,78,197,.396,.457,69,86,.802,29,95,124,65,33,6,62,72,399
66,Kwame Brown,C,27,DET,48,1,660,62,124,.500,0,1,.000,62,123,.504,.500,33,98,.337,53,124,177,22,15,12,43,93,157
67,Shannon Brown,SG,24,LAL,82,7,1700,253,592,.427,62,189,.328,191,403,.474,.480,99,121,.818,30,153,183,108,57,31,67,129,667
68,Kobe Bryant,SG,31,LAL,73,73,2835,716,1569,.456,99,301,.329,617,1268,.487,.488,439,541,.811,78,313,391,365,113,20,233,187,1970
69,Chase Budinger,SF,21,HOU,74,4,1488,249,565,.441,92,249,.369,157,316,.497,.522,67,87,.770,38,182,220,88,34,11,48,85,657
70,Caron Butler,SF-SG,29,TOT,74,74,2783,450,1051,.428,42,145,.290,408,906,.450,.448,264,315,.838,104,357,461,156,116,24,160,193,1206
71,Rasual Butler,SF,30,LAC,82,64,2702,356,870,.409,145,432,.336,211,438,.482,.493,122,145,.841,39,201,240,116,36,68,79,121,979
72,Andrew Bynum,C,22,LAL,65,65,1977,392,688,.570,0,1,.000,392,687,.571,.570,193,261,.739,177,364,541,68,35,94,115,193,977
73,Will Bynum,PG,27,DET,63,20,1667,237,534,.444,12,55,.218,225,479,.470,.455,142,178,.798,24,118,142,283,55,7,115,143,628
74,Jose Calderon,PG,28,TOR,68,39,1817,274,568,.482,68,171,.398,206,397,.519,.542,83,104,.798,23,119,142,404,47,7,99,135,699
75,Marcus Camby,PF-C,35,TOT,74,74,2314,238,501,.475,2,7,.286,236,494,.478,.477,78,122,.639,249,622,871,186,95,146,91,161,556
76,Brian Cardinal,PF,32,MIN,29,0,267,14,36,.389,3,9,.333,11,27,.407,.431,17,18,.944,7,22,29,24,9,3,7,56,48
77,Rodney Carney,SG,25,PHI,68,0,857,113,282,.401,41,135,.304,72,147,.490,.473,52,63,.825,26,111,137,37,25,20,21,79,319
78,DeMarre Carroll,SF,23,MEM,71,1,795,88,222,.396,0,6,.000,88,216,.407,.396,33,53,.623,53,97,150,33,28,9,24,107,209
79,Matt Carroll,SG,29,DAL,25,0,121,18,50,.360,4,19,.211,14,31,.452,.400,6,6,1.000,4,8,12,6,5,0,7,13,46
80,Anthony Carter,PG,34,DEN,54,7,859,76,181,.420,17,63,.270,59,118,.500,.467,11,13,.846,17,72,89,160,39,13,58,72,180
81,Vince Carter,SG,33,ORL,75,74,2310,434,1015,.428,119,324,.367,315,691,.456,.486,257,306,.840,33,260,293,236,53,18,106,189,1244
82,Omri Casspi,SF,21,SAC,77,31,1931,300,672,.446,75,203,.369,225,469,.480,.502,117,174,.672,75,274,349,95,54,17,98,125,792
83,Mario Chalmers,PG,23,MIA,73,22,1807,182,454,.401,75,236,.318,107,218,.491,.483,82,110,.745,25,110,135,246,91,12,123,175,521
84,Tyson Chandler,C,27,CHA,51,27,1163,109,190,.574,0,0,0,109,190,.574,.574,115,157,.732,114,206,320,16,17,55,91,138,333
85,Wilson Chandler,SG,22,NYK,65,64,2320,412,860,.479,40,150,.267,372,710,.524,.502,129,160,.806,93,255,348,138,46,49,108,184,993
86,Earl Clark,PF,22,PHO,51,0,383,56,151,.371,2,5,.400,54,146,.370,.377,26,36,.722,18,44,62,21,7,13,23,25,140
87,Jarron Collins,C,31,PHO,34,10,261,12,31,.387,0,0,0,12,31,.387,.387,10,25,.400,22,40,62,6,2,3,10,42,34
88,Jason Collins,C,31,ATL,24,0,115,8,23,.348,0,1,.000,8,22,.364,.348,0,2,.000,5,9,14,4,3,2,5,21,16
89,Mardy Collins,SG,25,LAC,43,0,470,47,128,.367,4,17,.235,43,111,.387,.383,13,21,.619,13,37,50,44,23,1,32,45,111
90,Darren Collison,PG,22,NOH,76,37,2109,376,789,.477,46,115,.400,330,674,.490,.506,148,174,.851,41,151,192,432,78,4,202,92,946
91,Nick Collison,C,29,OKC,75,5,1557,182,309,.589,1,4,.250,181,305,.593,.591,74,107,.692,152,232,384,38,37,48,63,230,439
92,Mike Conley,PG,22,MEM,80,80,2569,369,830,.445,82,212,.387,287,618,.464,.494,139,187,.743,30,161,191,425,109,12,170,178,959
93,Will Conroy,PG,27,HOU,5,0,36,3,10,.300,0,3,.000,3,7,.429,.300,0,2,.000,0,3,3,7,0,0,4,5,6
94,Brian Cook,PF,29,HOU,15,0,44,7,23,.304,2,9,.222,5,14,.357,.348,5,7,.714,1,8,9,1,0,2,6,5,21
95,Daequan Cook,SG,22,MIA,45,3,691,81,253,.320,40,126,.317,41,127,.323,.399,21,25,.840,9,73,82,43,14,10,24,50,223
96,Jamal Crawford,SG,29,ATL,79,0,2460,496,1105,.449,163,427,.382,333,678,.491,.523,270,315,.857,34,167,201,238,61,12,137,132,1425
97,Dante Cunningham,PF,22,POR,63,2,707,106,214,.495,0,2,.000,106,212,.500,.495,31,48,.646,54,106,160,14,24,22,15,97,243
98,Eddy Curry,C,27,NYK,7,0,62,8,21,.381,0,0,0,8,21,.381,.381,10,17,.588,4,9,13,0,0,1,13,13,26
99,JamesOn Curry,PG,24,LAC,1,0,0,0,0,0,0,0,0,0,0,0,0,0,0,0,0,0,0,0,0,0,0,0,0
100,Stephen Curry,PG,21,GSW,80,77,2896,528,1143,.462,166,380,.437,362,763,.474,.535,177,200,.885,48,308,356,472,152,19,243,252,1399
101,Samuel Dalembert,C,28,PHI,82,80,2124,285,523,.545,0,0,0,285,523,.545,.545,97,133,.729,239,545,784,64,42,151,123,252,667
102,Erick Dampier,C,34,DAL,55,47,1280,133,213,.624,1,3,.333,132,210,.629,.627,61,101,.604,128,272,400,31,15,77,61,153,328
103,Marquis Daniels,SF,29,BOS,51,4,937,124,249,.498,6,28,.214,118,221,.534,.510,34,56,.607,27,68,95,66,27,6,42,91,288
104,Baron Davis,PG,30,LAC,75,73,2523,412,1015,.406,82,296,.277,330,719,.459,.446,239,291,.821,52,214,266,598,126,43,211,210,1145
105,Glen Davis,PF,24,BOS,54,1,933,122,279,.437,0,4,.000,122,275,.444,.437,96,138,.696,101,104,205,35,21,14,53,132,340
106,Paul Davis,PF,25,WAS,2,0,8,2,4,.500,0,0,0,2,4,.500,.500,1,2,.500,0,0,0,3,0,1,0,0,5
107,Ricky Davis,SF,30,LAC,36,2,499,62,143,.434,16,42,.381,46,101,.455,.490,18,31,.581,10,47,57,39,11,3,29,39,158
108,Austin Daye,SF,21,DET,69,4,915,137,295,.464,29,95,.305,108,200,.540,.514,46,56,.821,34,140,174,34,25,26,48,114,349
109,Carlos Delfino,SF,27,MIL,75,66,2279,299,732,.408,134,365,.367,165,367,.450,.500,93,119,.782,51,343,394,202,80,21,119,138,825
110,Luol Deng,SF,24,CHI,70,69,2651,473,1014,.466,32,83,.386,441,931,.474,.482,252,330,.764,131,381,512,143,66,61,134,129,1230
111,DeMar DeRozan,SG,20,TOR,77,65,1664,255,512,.498,4,16,.250,251,496,.506,.502,148,194,.763,66,157,223,53,43,18,62,176,662
112,Boris Diaw,PF,27,CHA,82,82,2906,373,773,.483,66,206,.320,307,567,.541,.525,113,147,.769,131,293,424,325,60,57,178,219,925
113,Yakhouba Diawara,SG,27,MIA,6,2,44,2,10,.200,1,6,.167,1,4,.250,.250,0,0,0,1,3,4,3,1,0,3,8,5
114,Travis Diener,PG,27,TOT,9,0,51,2,10,.200,1,7,.143,1,3,.333,.250,1,4,.250,0,3,3,8,4,0,0,2,6
115,DeSagana Diop,C,28,CHA,27,0,262,15,29,.517,0,0,0,15,29,.517,.517,2,9,.222,24,41,65,5,5,14,12,31,32
116,Keyon Dooling,PG,29,NJN,53,8,971,129,324,.398,59,157,.376,70,167,.419,.489,47,61,.770,8,46,54,135,34,0,59,82,364
117,Joey Dorsey,PF,26,TOT,15,0,106,9,20,.450,0,0,0,9,20,.450,.450,5,12,.417,16,27,43,2,3,2,6,21,23
118,Toney Douglas,PG,23,NYK,56,12,1087,179,391,.458,68,175,.389,111,216,.514,.545,55,68,.809,40,68,108,112,42,3,55,116,481
119,Chris Douglas-Roberts,SF,23,NJN,67,38,1730,255,573,.445,14,54,.259,241,519,.464,.457,133,157,.847,45,153,198,93,55,19,97,101,657
120,Goran Dragic,PG,23,PHO,80,2,1442,222,491,.452,74,188,.394,148,303,.488,.527,117,159,.736,38,133,171,241,48,8,126,131,635
121,Jared Dudley,SF,24,PHO,82,1,1991,225,490,.459,120,262,.458,105,228,.461,.582,104,138,.754,99,182,281,115,81,16,68,162,674
122,Chris Duhon,PG,27,NYK,67,59,2072,168,451,.373,90,258,.349,78,193,.404,.472,68,95,.716,28,150,178,378,59,3,110,83,494
123,Tim Duncan,C,33,SAS,78,77,2438,561,1082,.518,2,11,.182,559,1071,.522,.519,271,374,.725,221,567,788,246,45,117,140,152,1395
124,Mike Dunleavy,SF,29,IND,67,15,1486,229,558,.410,75,236,.318,154,322,.478,.478,133,158,.842,25,211,236,103,38,15,72,105,666
125,Kevin Durant,SF,21,OKC,82,82,3239,794,1668,.476,128,351,.365,666,1317,.506,.514,756,840,.900,105,518,623,231,112,84,271,171,2472
126,Wayne Ellington,SG,22,MIN,76,1,1384,190,448,.424,64,162,.395,126,286,.441,.496,61,70,.871,33,126,159,74,20,5,74,72,505
127,Monta Ellis,SG,24,GSW,64,64,2647,631,1406,.449,77,228,.338,554,1178,.470,.476,292,388,.753,47,210,257,340,143,25,244,189,1631
128,Francisco Elson,C,33,TOT,12,0,66,5,15,.333,0,0,0,5,15,.333,.333,2,5,.400,6,8,14,2,1,0,1,7,12
129,Maurice Evans,SF,31,ATL,79,5,1317,175,393,.445,57,169,.337,118,224,.527,.518,46,61,.754,59,95,154,48,34,17,20,125,453
130,Reggie Evans,PF,29,TOR,28,1,311,34,69,.493,0,0,0,34,69,.493,.493,27,60,.450,30,75,105,8,14,4,22,44,95
131,Tyreke Evans,SG,20,SAC,72,72,2677,533,1165,.458,36,141,.255,497,1024,.485,.473,348,465,.748,66,314,380,414,109,26,216,204,1450
132,Jordan Farmar,PG,23,LAL,82,0,1474,224,515,.435,86,229,.376,138,286,.483,.518,57,85,.671,14,117,131,127,52,11,72,109,591
133,Raymond Felton,PG,25,CHA,80,80,2643,388,846,.459,60,156,.385,328,690,.475,.494,132,173,.763,53,235,288,446,123,22,168,172,968
134,Rudy Fernandez,SG,24,POR,62,2,1441,160,423,.378,98,266,.368,62,157,.395,.494,85,98,.867,35,129,164,127,62,11,72,87,503
135,Kyrylo Fesenko,C,23,UTA,49,5,408,52,95,.547,0,1,.000,52,94,.553,.547,24,57,.421,33,57,90,15,6,19,24,78,128
136,Michael Finley,SF,36,TOT,46,7,709,81,184,.440,32,82,.390,49,102,.480,.527,8,15,.533,6,65,71,43,10,6,21,33,202
137,Derek Fisher,PG,35,LAL,82,82,2227,212,558,.380,78,224,.348,134,334,.401,.450,113,132,.856,25,145,170,201,90,9,78,202,615
138,Jonny Flynn,PG,20,MIN,81,81,2339,397,952,.417,77,215,.358,320,737,.434,.457,223,270,.826,24,167,191,356,82,2,233,98,1094
139,T.J. Ford,PG,26,IND,47,32,1189,186,418,.445,8,50,.160,178,368,.484,.455,104,135,.770,41,108,149,180,44,11,90,102,484
140,Jeff Foster,C,33,IND,16,3,255,22,46,.478,0,1,.000,22,45,.489,.478,5,9,.556,34,47,81,21,3,4,14,45,49
141,Randy Foye,PG,26,WAS,70,38,1667,256,619,.414,63,182,.346,193,437,.442,.464,129,145,.890,16,114,130,228,33,10,94,123,704
142,Channing Frye,C,26,PHO,81,41,2190,317,703,.451,172,392,.439,145,311,.466,.573,98,121,.810,66,361,427,113,64,74,73,263,904
143,Dan Gadzuric,C,31,MIL,32,6,314,39,89,.438,0,0,0,39,89,.438,.438,10,25,.400,38,54,92,12,9,13,15,63,88
144,Sundiata Gaines,PG,23,UTA,32,0,217,38,82,.463,7,26,.269,31,56,.554,.506,23,46,.500,6,23,29,39,12,0,14,17,106
145,Danilo Gallinari,SF,21,NYK,81,74,2747,392,927,.423,186,488,.381,206,439,.469,.523,251,307,.818,65,333,398,135,75,58,110,191,1221
146,Francisco Garcia,SG,28,SAC,25,4,575,82,176,.466,23,59,.390,59,117,.504,.531,15,17,.882,11,55,66,45,10,19,21,49,202
147,Kevin Garnett,PF,33,BOS,69,69,2060,402,772,.521,1,5,.200,401,767,.523,.521,185,221,.837,78,428,506,185,68,57,101,170,990
148,Marc Gasol,C,25,MEM,69,69,2469,378,651,.581,0,1,.000,378,650,.582,.581,252,376,.670,208,432,640,165,69,109,135,254,1008
149,Pau Gasol,C,29,LAL,65,65,2403,452,844,.536,0,5,.000,452,839,.539,.536,286,362,.790,243,491,734,218,37,113,143,152,1190
150,Rudy Gay,SF,23,MEM,80,80,3175,600,1288,.466,66,202,.327,534,1086,.492,.491,301,400,.753,115,357,472,153,118,64,169,201,1567
151,Alonzo Gee,SG,22,WAS,11,2,182,28,59,.475,7,9,.778,21,50,.420,.534,18,29,.621,15,18,33,7,7,1,10,13,81
152,Devean George,SF,32,GSW,45,4,761,89,206,.432,48,123,.390,41,83,.494,.549,16,23,.696,21,93,114,32,41,10,15,89,242
153,Daniel Gibson,PG,23,CLE,56,10,1068,125,268,.466,71,149,.477,54,119,.454,.599,34,49,.694,13,60,73,70,25,7,36,79,355
154,Taj Gibson,PF,24,CHI,82,70,2204,311,629,.494,0,0,0,311,629,.494,.494,113,175,.646,226,385,611,70,50,104,114,282,735
155,J.R. Giddens,SF,24,TOT,32,1,239,28,60,.467,0,10,.000,28,50,.560,.467,13,23,.565,16,35,51,13,9,2,17,29,69
156,Trey Gilder,SF,25,MEM,2,0,5,1,1,1.000,0,0,0,1,1,1.000,1.000,0,0,0,0,1,1,0,1,0,0,0,2
157,Manu Ginobili,SG,32,SAS,75,21,2150,398,903,.441,132,350,.377,266,553,.481,.514,309,355,.870,68,216,284,370,103,24,154,154,1237
158,Ryan Gomes,SF,27,MIN,76,64,2210,327,732,.447,74,199,.372,253,533,.475,.497,104,126,.825,76,272,348,124,62,16,95,155,832
159,Drew Gooden,C-PF,28,TOT,70,33,1755,288,602,.478,1,8,.125,287,594,.483,.479,186,216,.861,207,335,542,47,41,58,108,194,763
160,Ben Gordon,SG,26,DET,62,17,1730,291,699,.416,75,234,.321,216,465,.465,.470,198,230,.861,26,93,119,166,49,6,118,147,855
161,Eric Gordon,SG,21,LAC,62,60,2229,352,784,.449,119,321,.371,233,463,.503,.525,222,299,.742,25,135,160,186,69,14,144,96,1045
162,Marcin Gortat,C,25,ORL,81,0,1088,121,227,.533,0,3,.000,121,224,.540,.533,51,75,.680,104,237,341,17,17,70,46,138,293
163,Joey Graham,SF,27,DEN,63,18,759,105,202,.520,2,13,.154,103,189,.545,.525,54,73,.740,39,84,123,22,23,7,43,104,266
164,Stephen Graham,SG,27,CHA,70,8,804,119,240,.496,16,50,.320,103,190,.542,.529,42,65,.646,24,111,135,23,20,10,36,94,296
165,Danny Granger,SF,26,IND,62,62,2278,488,1139,.428,158,438,.361,330,701,.471,.498,363,428,.848,67,275,342,171,94,51,157,183,1497
166,Aaron Gray,C,25,TOT,32,0,311,42,82,.512,0,0,0,42,82,.512,.512,20,28,.714,45,61,106,22,9,11,18,54,104
167,Danny Green,SG,22,CLE,20,0,115,15,39,.385,6,22,.273,9,17,.529,.462,4,6,.667,8,9,17,5,6,3,5,9,40
168,Jeff Green,PF,23,OKC,82,82,3043,485,1070,.453,104,312,.333,381,758,.503,.502,165,223,.740,112,378,490,134,104,72,135,221,1239
169,Willie Green,SG,28,PHI,73,18,1553,248,543,.457,47,136,.346,201,407,.494,.500,95,114,.833,20,109,129,152,32,11,67,135,638
170,Donte Greene,SF,21,SAC,76,50,1630,244,553,.441,69,183,.377,175,370,.473,.504,90,140,.643,53,181,234,71,41,53,93,150,647
171,Taylor Griffin,SF,23,PHO,8,0,32,4,10,.400,0,2,.000,4,8,.500,.400,2,4,.500,0,2,2,1,0,2,1,4,10
172,Hamed Haddadi,C,24,MEM,36,0,240,24,62,.387,0,3,.000,24,59,.407,.387,14,19,.737,26,49,75,10,1,14,20,57,62
173,Malik Hairston,SG,22,SAS,47,0,317,40,76,.526,2,11,.182,38,65,.585,.539,17,30,.567,13,36,49,16,4,9,11,29,99
174,Marcus Haislip,SF,29,SAS,10,0,44,10,21,.476,3,5,.600,7,16,.438,.548,2,5,.400,4,6,10,0,0,2,3,5,25
175,Richard Hamilton,SG,31,DET,46,46,1552,293,717,.409,41,138,.297,252,579,.435,.437,204,241,.846,30,92,122,202,30,3,115,115,831
176,Tyler Hansbrough,PF,24,IND,29,1,511,81,225,.360,0,4,.000,81,221,.367,.360,84,113,.743,60,78,138,28,17,8,21,70,246
177,James Harden,SG,20,OKC,76,0,1738,233,578,.403,93,248,.375,140,330,.424,.484,194,240,.808,47,197,244,137,80,20,106,200,753
178,Al Harrington,PF,29,NYK,72,15,2195,448,1030,.435,140,409,.342,308,621,.496,.503,240,317,.757,88,317,405,110,62,26,132,209,1276
179,Devin Harris,PG,26,NJN,64,61,2221,356,884,.403,60,217,.276,296,667,.444,.437,308,386,.798,24,179,203,423,79,18,181,178,1080
180,Mike Harris,PF,26,TOT,13,0,96,11,30,.367,0,1,.000,11,29,.379,.367,7,11,.636,10,14,24,3,5,1,9,14,29
181,Jason Hart,PG,31,TOT,5,0,22,1,2,.500,0,0,0,1,2,.500,.500,0,0,0,0,2,2,6,2,1,3,4,2
182,Udonis Haslem,PF,29,MIA,78,0,2177,312,632,.494,0,0,0,312,632,.494,.494,147,193,.762,167,462,629,52,30,23,75,174,771
183,Trenton Hassell,SF,30,NJN,52,31,1106,90,219,.411,0,5,.000,90,214,.421,.411,52,69,.754,56,96,152,50,17,9,47,91,232
184,Spencer Hawes,C,21,SAC,72,59,1904,312,666,.468,26,87,.299,286,579,.494,.488,73,106,.689,145,291,436,158,32,83,131,200,723
185,Chuck Hayes,C,26,HOU,82,82,1773,161,329,.489,0,0,0,161,329,.489,.489,36,66,.545,151,314,465,139,73,43,74,219,358
186,Jarvis Hayes,SF,28,NJN,45,19,1033,138,328,.421,60,179,.335,78,149,.523,.512,14,18,.778,9,99,108,40,29,9,28,91,350
187,Brendan Haywood,C,30,TOT,77,67,2355,276,491,.562,0,1,.000,276,490,.563,.562,152,245,.620,278,437,715,43,26,158,99,209,704
188,Luther Head,SG,27,IND,47,10,813,136,311,.437,37,105,.352,99,206,.481,.497,48,58,.828,6,74,80,72,18,9,54,53,357
189,Gerald Henderson,SG,22,CHA,43,0,355,37,104,.356,4,19,.211,33,85,.388,.375,35,47,.745,15,40,55,13,10,9,14,25,113
190,Roy Hibbert,C,23,IND,81,69,2035,387,782,.495,3,6,.500,384,776,.495,.497,169,224,.754,177,287,464,158,30,131,145,285,946
191,J.J. Hickson,PF,21,CLE,81,73,1691,289,522,.554,0,1,.000,289,521,.555,.554,111,163,.681,110,290,400,40,36,39,92,132,689
192,Nene Hilario,C,27,DEN,82,82,2755,421,717,.587,0,2,.000,421,715,.589,.587,293,416,.704,166,461,627,203,115,82,125,281,1135
193,George Hill,PG,23,SAS,78,43,2276,353,738,.478,75,188,.399,278,550,.505,.529,183,237,.772,42,163,205,226,69,26,101,222,964
194,Grant Hill,SF,37,PHO,81,81,2430,336,703,.478,35,80,.438,301,623,.483,.503,205,251,.817,74,371,445,193,60,36,108,165,912
195,Jordan Hill,PF,22,TOT,47,0,624,99,201,.493,0,2,.000,99,199,.497,.493,46,68,.676,76,99,175,20,14,21,30,92,244
196,Kirk Hinrich,SG,29,CHI,74,53,2481,308,753,.409,104,280,.371,204,473,.431,.478,85,113,.752,24,236,260,330,85,24,113,204,805
197,Jrue Holiday,PG,19,PHI,73,51,1767,230,520,.442,62,159,.390,168,361,.465,.502,65,86,.756,56,135,191,280,79,18,156,153,587
198,Ryan Hollins,C,25,MIN,73,27,1223,169,303,.558,0,1,.000,169,302,.560,.558,109,158,.690,79,128,207,51,19,38,95,199,447
199,Al Horford,C,23,ATL,81,81,2845,467,847,.551,1,1,1.000,466,846,.551,.552,213,270,.789,236,563,799,189,59,91,122,225,1148
200,Eddie House,PG-SG,31,TOT,68,0,1217,173,455,.380,79,227,.348,94,228,.412,.467,48,52,.923,13,96,109,85,40,7,47,81,473
201,Dwight Howard,C,24,ORL,82,82,2843,510,834,.612,0,7,.000,510,827,.617,.612,483,816,.592,284,798,1082,144,75,228,274,287,1503
202,Josh Howard,SF,29,TOT,35,12,918,157,388,.405,23,86,.267,134,302,.444,.434,109,139,.784,30,95,125,48,26,11,46,91,446
203,Juwan Howard,C,36,POR,73,27,1632,191,375,.509,0,1,.000,191,374,.511,.509,55,70,.786,108,227,335,61,27,10,72,191,437
204,Lester Hudson,PG,25,TOT,25,0,131,21,53,.396,5,16,.313,16,37,.432,.443,11,13,.846,7,11,18,13,8,3,14,12,58
205,Larry Hughes,SG,31,TOT,45,16,1115,137,386,.355,43,139,.309,94,247,.381,.411,94,113,.832,23,119,142,137,52,15,75,70,411
206,Kris Humphries,PF,24,TOT,69,0,1221,180,408,.441,0,1,.000,180,407,.442,.441,127,190,.668,120,258,378,32,36,48,66,145,487
207,Chris Hunter,C,25,GSW,60,9,783,109,217,.502,0,4,.000,109,213,.512,.502,52,69,.754,56,111,167,37,13,35,30,132,270
208,Lindsey Hunter,PG,39,CHI,13,0,122,5,30,.167,1,13,.077,4,17,.235,.183,2,2,1.000,1,13,14,9,1,0,4,12,13
209,Othello Hunter,SF,23,ATL,7,0,33,4,12,.333,0,0,0,4,12,.333,.333,3,4,.750,6,6,12,0,0,1,3,5,11
210,Steven Hunter,C,28,MEM,21,0,158,17,43,.395,0,0,0,17,43,.395,.395,19,36,.528,18,24,42,0,1,10,9,10,53
211,Serge Ibaka,PF,20,OKC,73,0,1323,201,370,.543,1,2,.500,200,368,.543,.545,58,92,.630,138,259,397,10,25,97,68,194,461
212,Andre Iguodala,SF,26,PHI,82,82,3193,496,1120,.443,94,303,.310,402,817,.492,.485,315,430,.733,82,447,529,472,141,55,218,145,1401
213,Zydrunas Ilgauskas,C,34,CLE,64,6,1339,194,438,.443,11,23,.478,183,415,.441,.455,75,101,.743,114,231,345,48,14,50,63,183,474
214,Didier Ilunga-Mbenga,C,29,LAL,49,2,355,48,103,.466,0,0,0,48,103,.466,.466,9,19,.474,32,55,87,8,5,29,15,54,105
215,Ersan Ilyasova,PF,22,MIL,81,31,1898,323,729,.443,81,241,.336,242,488,.496,.499,113,158,.715,157,360,517,84,53,23,71,251,840
216,Allen Iverson,SG-PG,34,TOT,28,24,865,136,316,.430,9,25,.360,127,291,.436,.445,104,131,.794,16,63,79,113,19,2,64,48,385
217,Royal Ivey,SG,28,TOT,44,0,326,35,83,.422,14,35,.400,21,48,.438,.506,9,12,.750,6,28,34,27,19,2,11,39,93
218,Jarrett Jack,PG,26,TOR,82,43,2243,323,671,.481,82,199,.412,241,472,.511,.542,203,241,.842,30,192,222,413,60,6,163,151,931
219,Cedric Jackson,PG,23,TOT,12,0,74,6,20,.300,1,6,.167,5,14,.357,.325,7,12,.583,2,6,8,14,3,2,11,7,20
220,Darnell Jackson,PF,24,TOT,28,0,123,9,30,.300,1,4,.250,8,26,.308,.317,4,6,.667,9,13,22,4,2,4,13,21,23
221,Stephen Jackson,SG-PF,31,TOT,81,81,3129,600,1418,.423,129,393,.328,471,1025,.460,.469,338,434,.779,78,323,401,300,132,43,259,197,1667
222,LeBron James,SF,25,CLE,76,76,2966,768,1528,.503,129,387,.333,639,1141,.560,.545,593,773,.767,71,483,554,651,125,77,261,119,2258
223,Mike James,PG,34,WAS,4,0,46,6,20,.300,2,6,.333,4,14,.286,.350,4,8,.500,1,2,3,5,3,0,5,3,18
224,Antawn Jamison,PF,33,TOT,66,64,2406,478,1036,.461,85,247,.344,393,789,.498,.502,194,300,.647,136,419,555,84,71,21,91,179,1235
225,Nathan Jawai,C,23,MIN,39,2,412,49,111,.441,0,1,.000,49,110,.445,.441,26,38,.684,49,55,104,24,10,9,27,58,124
226,Othyus Jeffers,SG,24,UTA,14,0,73,12,29,.414,0,0,0,12,29,.414,.414,13,19,.684,8,11,19,1,4,0,6,10,37
227,Al Jefferson,C,25,MIN,76,76,2463,560,1125,.498,0,4,.000,560,1121,.500,.498,181,266,.680,180,523,703,137,63,98,136,205,1301
228,Richard Jefferson,SF,29,SAS,81,70,2520,362,775,.467,59,187,.316,303,588,.515,.505,211,287,.735,58,298,356,158,45,40,105,178,994
229,Jared Jeffries,PF-SF,28,TOT,70,37,1794,138,314,.439,21,71,.296,117,243,.481,.473,75,120,.625,130,158,288,101,62,71,76,203,372
230,Brandon Jennings,PG,20,MIL,82,82,2671,451,1216,.371,145,388,.374,306,828,.370,.431,223,273,.817,49,233,282,470,105,18,200,191,1270
231,Jonas Jerebko,PF,22,DET,80,73,2232,290,603,.481,36,115,.313,254,488,.520,.511,125,176,.710,194,284,478,58,79,29,82,230,741
232,Yi Jianlian,PF,22,NJN,52,51,1655,227,563,.403,15,41,.366,212,522,.406,.417,154,193,.798,115,257,372,47,37,52,77,170,623
233,Amir Johnson,PF,22,TOR,82,5,1453,208,334,.623,0,4,.000,208,330,.630,.623,95,149,.638,154,241,395,48,44,66,63,255,511
234,Anthony Johnson,PG,35,ORL,31,0,406,49,111,.441,13,39,.333,36,72,.500,.500,19,20,.950,8,40,48,63,11,1,26,32,130
235,James Johnson,PF,22,CHI,65,11,757,95,210,.452,15,46,.326,80,164,.488,.488,51,70,.729,34,94,128,48,21,43,62,126,256
236,Joe Johnson,SG,28,ATL,76,76,2886,635,1386,.458,129,350,.369,506,1036,.488,.505,220,269,.818,74,279,353,369,82,5,145,145,1619
237,Dahntay Jones,SF,29,IND,76,26,1892,287,623,.461,4,32,.125,283,591,.479,.464,198,257,.770,48,181,229,150,40,39,129,237,776
238,Dwayne Jones,PF,26,PHO,2,0,7,0,0,0,0,0,0,0,0,0,0,0,0,0,0,2,2,0,0,0,0,1,0
239,James Jones,SF,29,MIA,36,6,503,43,119,.361,37,90,.411,6,29,.207,.517,23,28,.821,4,41,45,17,11,4,11,45,146
240,Solomon Jones,C,25,IND,52,2,675,78,176,.443,0,3,.000,78,173,.451,.443,51,71,.718,51,93,144,32,14,37,40,125,207
241,DeAndre Jordan,C,21,LAC,70,12,1137,144,238,.605,0,2,.000,144,236,.610,.605,48,128,.375,122,230,352,21,16,62,75,152,336
242,Chris Kaman,C,27,LAC,76,76,2608,589,1202,.490,0,6,.000,589,1196,.492,.490,230,307,.749,184,520,704,120,37,94,223,213,1408
243,Jason Kapono,SF,28,PHI,57,12,976,126,301,.419,63,171,.368,63,130,.485,.523,9,15,.600,14,52,66,39,21,6,34,80,324
244,Coby Karl,SF-SG,26,TOT,7,1,113,11,32,.344,2,11,.182,9,21,.429,.375,4,6,.667,4,14,18,15,3,1,10,14,28
245,Jason Kidd,PG,36,DAL,80,80,2881,284,671,.423,176,414,.425,108,257,.420,.554,80,99,.808,48,397,445,724,145,35,195,142,824
246,Andrei Kirilenko,SF,28,UTA,58,35,1681,244,482,.506,26,89,.292,218,393,.555,.533,174,234,.744,76,188,264,158,83,71,79,102,688
247,Kyle Korver,SG,28,UTA,52,0,952,138,280,.493,59,110,.536,79,170,.465,.598,39,49,.796,10,101,111,89,26,12,42,76,374
248,Kosta Koufos,C,20,UTA,36,0,172,22,47,.468,0,0,0,22,47,.468,.468,9,15,.600,16,29,45,6,2,4,15,26,53
249,Nenad Krstic,C,26,OKC,76,76,1741,281,560,.502,1,5,.200,280,555,.505,.503,76,106,.717,134,249,383,52,32,45,58,177,639
250,Oliver Lafayette,SG,25,BOS,1,0,22,3,6,.500,1,2,.500,2,4,.500,.583,0,0,0,1,3,4,2,0,0,1,0,7
251,Carl Landry,PF,26,TOT,80,29,2469,499,931,.536,1,3,.333,498,928,.537,.537,344,427,.806,188,280,468,66,55,63,136,234,1343
252,Marcus Landry,SF,24,TOT,18,0,111,16,43,.372,9,28,.321,7,15,.467,.477,3,5,.600,5,14,19,0,1,2,6,14,44
253,Acie Law,PG,25,TOT,26,1,234,35,75,.467,5,16,.313,30,59,.508,.500,38,49,.776,3,14,17,26,11,1,17,16,113
254,Ty Lawson,PG,22,DEN,65,8,1318,201,390,.515,34,83,.410,167,307,.544,.559,106,140,.757,42,82,124,203,48,2,82,89,542
255,Courtney Lee,SG,24,NJN,71,66,2375,338,775,.436,76,225,.338,262,550,.476,.485,133,153,.869,60,192,252,121,93,20,76,130,885
256,David Lee,C,26,NYK,81,81,3019,686,1258,.545,0,8,.000,686,1250,.549,.545,268,330,.812,228,721,949,295,85,40,189,257,1640
257,Rashard Lewis,PF,30,ORL,72,72,2369,350,805,.435,168,423,.397,182,382,.476,.539,145,180,.806,62,256,318,107,78,28,108,180,1013
258,Shaun Livingston,PG,24,TOT,36,18,796,104,201,.517,0,6,.000,104,195,.533,.517,42,48,.875,16,62,78,130,17,11,58,61,250
259,Brook Lopez,C,21,NJN,82,82,3027,563,1129,.499,0,2,.000,563,1127,.500,.499,416,509,.817,270,439,709,187,55,139,204,251,1542
260,Robin Lopez,C,21,PHO,51,31,986,171,291,.588,0,0,0,171,291,.588,.588,88,125,.704,104,144,248,7,10,53,41,117,430
261,Kevin Love,PF,21,MIN,60,22,1714,291,646,.450,35,106,.330,256,540,.474,.478,225,276,.815,227,431,658,136,43,23,117,136,842
262,Kyle Lowry,PG,23,HOU,68,0,1651,184,464,.397,37,136,.272,147,328,.448,.436,215,260,.827,91,156,247,305,60,9,116,173,620
263,Corey Maggette,PF,30,GSW,70,49,2081,457,886,.516,13,50,.260,444,836,.531,.523,460,551,.835,92,281,373,172,51,4,168,231,1387
264,Jamaal Magloire,C,31,MIA,36,0,359,28,56,.500,0,0,0,28,56,.500,.500,21,59,.356,41,80,121,1,9,11,17,59,77
265,Ian Mahinmi,C,23,SAS,26,0,165,35,55,.636,0,0,0,35,55,.636,.636,31,47,.660,13,39,52,2,3,8,15,32,101
266,Shawn Marion,SF,31,DAL,75,75,2385,395,778,.508,3,19,.158,392,759,.516,.510,105,139,.755,158,319,477,107,69,61,99,141,898
267,Sean Marks,C,34,NOH,14,0,75,4,8,.500,0,0,0,4,8,.500,.500,2,5,.400,14,9,23,2,0,3,2,17,10
268,Cartier Martin,SF,25,TOT,18,2,390,50,136,.368,17,49,.347,33,87,.379,.430,24,30,.800,25,43,68,16,11,1,19,48,141
269,Kenyon Martin,PF,32,DEN,58,58,1986,283,620,.456,8,29,.276,275,591,.465,.463,93,167,.557,142,404,546,109,72,61,91,186,667
270,Kevin Martin,SG,26,TOT,46,43,1633,289,693,.417,70,210,.333,219,483,.453,.468,298,340,.876,29,135,164,111,46,6,92,96,946
271,Desmond Mason,SF,32,SAC,5,4,66,5,12,.417,0,0,0,5,12,.417,.417,3,4,.750,4,9,13,2,1,1,4,5,13
272,Roger Mason,SG,29,SAS,79,5,1515,193,496,.389,88,264,.333,105,232,.453,.478,27,34,.794,11,151,162,137,30,14,59,99,501
273,Wesley Matthews,SG,23,UTA,82,48,2025,273,565,.483,63,165,.382,210,400,.525,.539,160,193,.829,50,141,191,124,64,15,93,152,769
274,Jason Maxiell,C,26,DET,76,29,1550,212,415,.511,0,1,.000,212,414,.512,.511,89,155,.574,161,240,401,39,36,38,68,175,513
275,Sean May,C,25,SAC,37,4,331,51,111,.459,0,4,.000,51,107,.477,.459,21,32,.656,20,50,70,17,12,7,19,46,123
276,Eric Maynor,PG,22,TOT,81,2,1269,154,368,.418,22,71,.310,132,297,.444,.448,52,72,.722,21,108,129,266,40,10,85,115,382
277,O.J. Mayo,SG,22,MEM,82,82,3113,542,1183,.458,136,355,.383,406,828,.490,.516,212,262,.809,61,250,311,242,98,17,176,174,1432
278,Luc Mbah a Moute,PF,23,MIL,73,62,1866,177,369,.480,6,17,.353,171,352,.486,.488,93,133,.699,171,229,400,81,60,39,70,181,453
279,Antonio McDyess,PF,35,SAS,77,50,1617,205,428,.479,0,2,.000,205,426,.481,.479,36,57,.632,149,306,455,83,43,32,79,147,446
280,JaVale McGee,C,22,WAS,60,19,968,156,307,.508,0,1,.000,156,306,.510,.508,74,116,.638,88,155,243,14,16,101,51,122,386
281,Tracy McGrady,SG,30,TOT,30,24,673,91,235,.387,16,64,.250,75,171,.439,.421,47,63,.746,22,72,94,99,15,14,44,40,245
282,Dominic McGuire,SF,24,TOT,51,2,307,19,52,.365,0,0,0,19,52,.365,.365,0,7,.000,23,56,79,11,5,4,17,35,38
283,Josh McRoberts,C,22,IND,42,3,524,76,146,.521,8,23,.348,68,123,.553,.548,19,38,.500,40,87,127,44,17,16,19,74,179
284,Jodie Meeks,SG,22,TOT,60,0,719,104,268,.388,42,132,.318,62,136,.456,.466,31,39,.795,9,90,99,39,18,5,25,52,281
285,Pops Mensah-Bonsu,PF,26,TOT,20,0,120,13,33,.394,0,0,0,13,33,.394,.394,13,24,.542,16,19,35,3,4,9,10,20,39
286,C.J. Miles,SF,22,UTA,63,28,1497,241,562,.429,74,217,.341,167,345,.484,.495,66,95,.695,42,126,168,105,58,17,81,190,622
287,Darko Milicic,C,24,TOT,32,18,685,100,204,.490,0,1,.000,100,203,.493,.490,15,28,.536,47,104,151,47,22,34,35,82,215
288,Andre Miller,PG,33,POR,82,66,2500,404,908,.445,16,80,.200,388,828,.469,.454,322,392,.821,81,185,266,445,93,9,173,169,1146
289,Brad Miller,C,33,CHI,82,37,1950,250,581,.430,37,132,.280,213,449,.474,.462,182,220,.827,83,316,399,154,44,29,107,189,719
290,Mike Miller,SG,29,WAS,54,50,1805,217,433,.501,82,171,.480,135,262,.515,.596,70,85,.824,55,281,336,212,39,12,115,131,586
291,Patrick Mills,PG,21,POR,10,0,38,10,24,.417,2,4,.500,8,20,.400,.458,4,7,.571,1,1,2,5,0,0,4,6,26
292,Paul Millsap,PF,24,UTA,82,8,2277,385,716,.538,1,9,.111,384,707,.543,.538,183,264,.693,186,373,559,131,64,99,116,285,954
293,Nazr Mohammed,C,32,CHA,58,29,984,189,342,.553,0,0,0,189,342,.553,.553,81,125,.648,114,190,304,28,15,43,53,105,459
294,Jamario Moon,SF,29,CLE,61,2,1052,114,247,.462,32,100,.320,82,147,.558,.526,36,45,.800,26,165,191,49,34,30,23,69,296
295,Mikki Moore,C,34,GSW,23,20,406,54,90,.600,0,0,0,54,90,.600,.600,7,11,.636,26,43,69,36,5,13,21,60,115
296,Randolph Morris,PF,24,ATL,28,0,124,23,41,.561,0,0,0,23,41,.561,.561,16,27,.593,10,28,38,2,5,3,12,34,62
297,Adam Morrison,SF,25,LAL,31,0,241,32,85,.376,5,21,.238,27,64,.422,.406,5,8,.625,10,22,32,18,3,2,10,17,74
298,Anthony Morrow,SG,24,GSW,69,37,2018,329,703,.468,140,307,.456,189,396,.477,.568,101,114,.886,61,198,259,104,65,16,84,158,899
299,Byron Mullens,PF,20,OKC,13,0,54,7,19,.368,0,0,0,7,19,.368,.368,0,0,0,3,7,10,1,2,0,4,13,14
300,Troy Murphy,PF,29,IND,72,69,2344,384,813,.472,128,333,.384,256,480,.533,.551,154,193,.798,129,608,737,150,72,34,100,175,1050
301,Ronald Murray,SG,30,TOT,75,2,1673,268,683,.392,69,221,.312,199,462,.431,.443,141,194,.727,28,155,183,135,46,16,91,126,746
302,Eduardo Najera,PF,33,TOT,46,5,685,62,146,.425,19,64,.297,43,82,.524,.490,14,24,.583,34,81,115,29,26,14,25,94,157
303,Steve Nash,PG,35,PHO,81,81,2660,499,985,.507,124,291,.426,375,694,.540,.570,211,225,.938,34,234,268,892,42,12,295,108,1333
304,Jameer Nelson,PG,27,ORL,65,64,1860,317,706,.449,86,226,.381,231,480,.481,.510,98,116,.845,26,168,194,353,48,2,139,147,818
305,Rasho Nesterovic,C,33,TOR,42,8,413,81,149,.544,0,0,0,81,149,.544,.544,1,5,.200,37,52,89,25,10,17,16,54,163
306,Joakim Noah,C,24,CHI,64,54,1925,262,520,.504,0,0,0,262,520,.504,.504,163,219,.744,220,484,704,132,32,100,117,198,687
307,Andres Nocioni,SF,30,SAC,75,28,1477,234,587,.399,96,249,.386,138,338,.408,.480,71,99,.717,32,190,222,75,32,26,67,160,635
308,Steve Novak,SF,26,LAC,54,0,362,42,108,.389,22,71,.310,20,37,.541,.491,7,9,.778,1,32,33,6,7,2,2,21,113
309,Dirk Nowitzki,PF,31,DAL,81,80,3039,720,1496,.481,51,121,.421,669,1375,.487,.498,536,586,.915,80,540,620,218,70,79,149,208,2027
310,Patrick O'Bryant,C,23,TOR,11,0,51,8,15,.533,0,1,.000,8,14,.571,.533,3,6,.500,2,9,11,1,2,4,5,12,19
311,Jermaine O'Neal,C,31,MIA,70,70,1991,394,745,.529,0,2,.000,394,743,.530,.529,162,225,.720,124,362,486,92,25,95,125,212,950
312,Shaquille O'Neal,C,37,CLE,53,53,1240,262,463,.566,0,1,.000,262,462,.567,.566,112,226,.496,93,262,355,80,15,62,105,169,636
313,Fabricio Oberto,C,34,WAS,57,20,650,35,56,.625,0,0,0,35,56,.625,.625,13,17,.765,34,71,105,51,11,9,36,121,83
314,Greg Oden,C,22,POR,21,21,502,92,152,.605,0,0,0,92,152,.605,.605,49,64,.766,64,114,178,19,8,48,39,84,233
315,Lamar Odom,PF,30,LAL,82,38,2585,342,739,.463,58,182,.319,284,557,.510,.502,140,202,.693,184,618,802,267,75,59,150,227,882
316,Emeka Okafor,C,27,NOH,82,82,2370,348,656,.530,0,0,0,348,656,.530,.530,154,274,.562,251,491,742,55,54,127,111,218,850
317,Mehmet Okur,C,30,UTA,73,73,2149,355,775,.458,82,213,.385,273,562,.486,.511,196,239,.820,132,383,515,119,38,81,127,223,988
318,Kevin Ollie,PG,37,OKC,25,0,263,18,45,.400,0,1,.000,18,44,.409,.400,8,8,1.000,3,22,25,20,9,0,6,16,44
319,Travis Outlaw,SF,25,TOT,34,6,730,110,281,.391,40,105,.381,70,176,.398,.463,49,59,.831,33,88,121,34,18,17,32,43,309
320,Zaza Pachulia,C,25,ATL,78,1,1089,120,246,.488,0,4,.000,120,242,.496,.488,93,143,.650,117,176,293,42,37,31,58,186,333
321,Jannero Pargo,PG,30,CHI,63,5,829,132,381,.346,38,138,.275,94,243,.387,.396,42,45,.933,9,69,78,89,29,2,50,68,344
322,Anthony Parker,SG,34,CLE,81,81,2289,206,475,.434,108,261,.414,98,214,.458,.547,75,95,.789,30,201,231,157,63,18,71,151,595
323,Tony Parker,PG,27,SAS,56,50,1728,349,716,.487,10,34,.294,339,682,.497,.494,186,246,.756,7,128,135,317,29,8,149,96,894
324,Chris Paul,PG,24,NOH,45,45,1712,314,637,.493,52,127,.409,262,510,.514,.534,161,190,.847,20,171,191,480,96,8,112,118,841
325,Sasha Pavlovic,SF,26,MIN,71,0,877,109,300,.363,35,118,.297,74,182,.407,.422,10,26,.385,12,105,117,58,23,6,53,84,263
326,Oleksiy Pecherov,C,24,MIN,44,5,447,77,188,.410,14,52,.269,63,136,.463,.447,29,32,.906,32,92,124,11,9,14,32,55,197
327,Kendrick Perkins,C,25,BOS,78,78,2154,314,522,.602,0,3,.000,314,519,.605,.602,163,280,.582,155,440,595,80,26,132,165,219,791
328,Morris Peterson,SG,32,NOH,46,39,973,116,301,.385,62,171,.363,54,130,.415,.488,33,54,.611,17,109,126,41,25,5,27,81,327
329,Johan Petro,C,24,DEN,36,16,436,54,101,.535,0,1,.000,54,100,.540,.535,14,21,.667,32,97,129,14,10,13,23,80,122
330,Paul Pierce,SF,32,BOS,71,71,2411,409,867,.472,109,263,.414,300,604,.497,.535,369,433,.852,39,271,310,218,84,31,166,196,1296
331,Mickael Pietrus,SF,27,ORL,75,24,1687,233,539,.432,116,306,.379,117,233,.502,.540,69,109,.633,39,176,215,49,53,31,69,138,651
332,James Posey,SF,33,NOH,77,2,1731,126,345,.365,81,242,.335,45,103,.437,.483,66,80,.825,32,297,329,117,42,19,51,204,399
333,Leon Powe,SF,26,CLE,20,2,236,21,49,.429,0,0,0,21,49,.429,.429,37,63,.587,19,42,61,0,6,2,11,36,79
334,Josh Powell,PF,27,LAL,63,0,581,71,194,.366,7,16,.438,64,178,.360,.384,20,31,.645,44,72,116,35,9,6,33,71,169
335,A.J. Price,PG,23,IND,56,2,865,145,354,.410,60,174,.345,85,180,.472,.494,60,75,.800,12,76,88,106,35,3,59,53,410
336,Ronnie Price,PG,26,UTA,60,4,806,98,242,.405,18,63,.286,80,179,.447,.442,41,59,.695,28,46,74,123,40,13,56,109,255
337,Tayshaun Prince,SF,29,DET,49,49,1664,282,580,.486,27,73,.370,255,507,.503,.509,70,98,.714,71,177,248,161,34,22,60,77,661
338,Joel Przybilla,C,30,POR,30,9,681,45,86,.523,0,0,0,45,86,.523,.523,33,51,.647,72,166,238,8,8,43,39,95,123
339,Chris Quinn,PG,26,NJN,25,0,223,20,56,.357,10,32,.313,10,24,.417,.446,6,6,1.000,1,15,16,29,9,1,10,15,56
340,Vladimir Radmanovic,PF,29,TOT,41,20,891,103,273,.377,30,108,.278,73,165,.442,.432,20,27,.741,51,127,178,45,29,7,44,97,256
341,Anthony Randolph,C,20,GSW,33,8,749,137,309,.443,1,5,.200,136,304,.447,.445,109,136,.801,73,142,215,42,28,51,49,92,384
342,Shavlik Randolph,PF,26,TOT,6,0,53,6,18,.333,0,0,0,6,18,.333,.333,2,2,1.000,7,7,14,1,1,1,3,9,14
343,Zach Randolph,PF,28,MEM,81,81,3051,652,1336,.488,15,52,.288,637,1284,.496,.494,362,465,.778,330,620,950,149,80,34,174,226,1681
344,Theo Ratliff,C,36,TOT,49,29,807,70,152,.461,0,0,0,70,152,.461,.461,38,50,.760,59,98,157,25,12,61,41,87,178
345,Michael Redd,SG,30,MIL,18,12,492,75,213,.352,18,60,.300,57,153,.373,.394,47,66,.712,11,43,54,39,19,2,15,24,215
346,J.J. Redick,SG,25,ORL,82,9,1808,243,553,.439,111,274,.405,132,279,.473,.540,191,222,.860,17,138,155,158,28,4,63,118,788
347,Chris Richard,PF,25,CHI,18,0,224,15,29,.517,0,0,0,15,29,.517,.517,7,11,.636,19,40,59,7,8,4,14,50,37
348,Jason Richardson,SG,29,PHO,79,76,2485,473,998,.474,157,400,.393,316,598,.528,.553,136,184,.739,81,323,404,143,66,33,92,169,1239
349,Quentin Richardson,SF,29,MIA,76,75,2082,242,561,.431,142,358,.397,100,203,.493,.558,52,71,.732,64,310,374,93,70,18,62,169,678
350,Luke Ridnour,PG,28,MIL,82,0,1759,328,686,.478,69,181,.381,259,505,.513,.528,127,140,.907,24,119,143,324,54,7,106,182,852
351,Nate Robinson,PG,25,TOT,56,2,1115,215,493,.436,87,223,.390,128,270,.474,.524,50,67,.746,28,82,110,163,49,5,73,116,567
352,Sergio Rodriguez,PG,23,TOT,66,8,1048,167,351,.476,32,91,.352,135,260,.519,.521,68,93,.731,24,65,89,212,50,5,114,84,434
353,Rajon Rondo,PG,23,BOS,81,81,2963,459,904,.508,17,80,.213,442,824,.536,.517,175,282,.621,100,260,360,794,189,11,246,198,1110
354,Derrick Rose,PG,21,CHI,78,78,2871,672,1373,.489,16,60,.267,656,1313,.500,.495,259,338,.766,65,228,293,469,57,27,217,96,1619
355,Quinton Ross,SF-SG,28,TOT,52,7,562,40,111,.360,4,21,.190,36,90,.400,.378,8,14,.571,17,32,49,12,13,6,11,69,92
356,Brandon Roy,SG,25,POR,65,65,2419,491,1038,.473,73,221,.330,418,817,.512,.508,343,440,.780,73,212,285,305,61,16,129,136,1398
357,Brandon Rush,SG,24,IND,82,64,2491,297,702,.423,124,302,.411,173,400,.433,.511,56,89,.629,41,305,346,112,56,65,93,159,774
358,Kareem Rush,SG,29,LAC,7,0,58,4,11,.364,1,3,.333,3,8,.375,.409,0,0,0,1,5,6,4,2,3,3,8,9
359,John Salmons,SG,30,TOT,81,56,2824,437,991,.441,118,309,.382,319,682,.468,.501,253,305,.830,35,235,270,223,99,26,123,166,1245
360,Brian Scalabrine,PF,31,BOS,52,3,472,29,85,.341,16,49,.327,13,36,.361,.435,4,6,.667,9,39,48,27,9,4,17,59,78
361,Luis Scola,PF,29,HOU,82,82,2671,560,1090,.514,1,5,.200,559,1085,.515,.514,208,267,.779,175,530,705,169,63,26,163,246,1329
362,Thabo Sefolosha,SG,25,OKC,82,82,2348,194,441,.440,41,131,.313,153,310,.494,.486,60,89,.674,76,311,387,145,97,46,90,154,489
363,Ramon Sessions,PG,23,MIN,82,1,1732,253,555,.456,1,15,.067,252,540,.467,.457,167,233,.717,58,156,214,258,55,5,137,137,674
364,Bobby Simmons,PF,29,NJN,23,2,395,42,117,.359,20,63,.317,22,54,.407,.444,18,20,.900,11,52,63,15,15,3,19,52,122
365,James Singleton,PF-SF,28,TOT,57,3,977,97,254,.382,7,37,.189,90,217,.415,.396,53,62,.855,108,168,276,31,28,43,49,113,254
366,Brian Skinner,PF,33,LAC,16,1,123,10,25,.400,0,0,0,10,25,.400,.400,6,8,.750,9,18,27,0,3,4,7,20,26
367,Craig Smith,PF,26,LAC,75,2,1232,226,397,.569,1,5,.200,225,392,.574,.571,132,208,.635,97,190,287,84,33,25,88,194,585
368,J.R. Smith,SG,24,DEN,75,0,2082,428,1033,.414,158,467,.338,270,566,.477,.491,142,201,.706,28,206,234,183,99,20,139,174,1156
369,Jason Smith,PF,23,PHI,56,2,658,75,174,.431,10,29,.345,65,145,.448,.460,29,42,.690,54,81,135,33,21,28,35,110,189
370,Joe Smith,PF,34,ATL,64,1,592,77,193,.399,1,7,.143,76,186,.409,.402,39,48,.813,66,91,157,21,6,19,22,95,194
371,Josh Smith,PF,24,ATL,81,81,2871,504,999,.505,0,7,.000,504,992,.508,.505,261,422,.618,223,482,705,342,130,172,198,240,1269
372,Darius Songaila,C,31,NOH,75,1,1410,241,488,.494,1,6,.167,240,482,.498,.495,60,74,.811,59,173,232,70,62,14,81,206,543
373,Marreese Speights,C,22,PHI,62,1,1016,212,444,.477,0,5,.000,212,439,.483,.477,108,145,.745,85,167,252,36,29,34,51,152,532
374,Jerry Stackhouse,SG,35,MIL,42,0,855,129,316,.408,45,130,.346,84,186,.452,.479,55,69,.797,19,81,100,70,21,9,66,56,358
375,DeShawn Stevenson,SG,28,TOT,64,18,883,46,163,.282,19,87,.218,27,76,.355,.340,25,35,.714,11,80,91,56,16,6,30,74,136
376,Peja Stojakovic,SF,32,NOH,62,55,1947,278,688,.404,132,352,.375,146,336,.435,.500,96,107,.897,39,188,227,92,48,5,56,83,784
377,Amar'e Stoudemire,PF,27,PHO,82,82,2838,704,1264,.557,1,6,.167,703,1258,.559,.557,487,632,.771,230,502,732,82,52,83,213,281,1896
378,Rodney Stuckey,PG,23,DET,73,67,2499,449,1109,.405,18,79,.228,431,1030,.418,.413,299,359,.833,67,214,281,348,101,12,163,205,1215
379,DaJuan Summers,SF,22,DET,44,0,405,46,130,.354,15,42,.357,31,88,.352,.412,27,38,.711,14,31,45,16,8,7,16,52,134
380,Jermaine Taylor,SG,23,HOU,31,4,303,45,119,.378,5,22,.227,40,97,.412,.399,33,46,.717,21,25,46,16,10,3,19,15,128
381,Jeff Teague,PG,21,ATL,71,3,719,90,227,.396,7,32,.219,83,195,.426,.412,41,49,.837,5,62,67,122,34,11,50,82,228
382,Sebastian Telfair,PG,24,TOT,43,1,659,83,201,.413,13,56,.232,70,145,.483,.445,29,37,.784,5,40,45,126,24,5,50,71,208
383,Garrett Temple,SG,23,TOT,27,4,334,44,101,.436,13,37,.351,31,64,.484,.500,35,50,.700,6,25,31,21,13,6,27,42,136
384,Jason Terry,SG,32,DAL,77,12,2540,456,1041,.438,136,373,.365,320,668,.479,.503,232,268,.866,19,121,140,292,94,17,109,142,1280
385,Hasheem Thabeet,C,22,MEM,68,13,883,77,131,.588,0,0,0,77,131,.588,.588,54,93,.581,85,158,243,11,15,89,43,162,208
386,Etan Thomas,C,31,OKC,23,1,321,31,68,.456,0,0,0,31,68,.456,.456,13,22,.591,18,46,64,1,4,16,18,39,75
387,Kenny Thomas,PF,32,SAC,26,2,313,17,35,.486,0,0,0,17,35,.486,.486,7,12,.583,35,51,86,15,10,10,17,42,41
388,Kurt Thomas,C,37,MIL,70,9,1049,99,208,.476,0,0,0,99,208,.476,.476,12,15,.800,84,207,291,47,26,46,48,159,210
389,Tim Thomas,SF,32,DAL,18,1,285,49,106,.462,16,43,.372,33,63,.524,.538,21,24,.875,13,28,41,14,10,2,14,31,135
390,Tyrus Thomas,PF-C,23,TOT,54,3,1220,194,420,.462,0,3,.000,194,417,.465,.462,120,175,.686,81,254,335,56,63,85,92,129,508
391,Jason Thompson,C,23,SAC,75,58,2357,370,784,.472,1,10,.100,369,774,.477,.473,198,277,.715,224,413,637,124,41,73,139,279,939
392,Al Thornton,SF,26,TOT,75,46,2079,320,676,.473,11,31,.355,309,645,.479,.482,153,211,.725,116,178,294,90,45,35,102,206,804
393,Marcus Thornton,SG,22,NOH,73,17,1872,398,883,.451,117,313,.374,281,570,.493,.517,144,177,.814,72,139,211,114,58,11,76,127,1057
394,Jamaal Tinsley,PG,31,MEM,38,1,589,52,140,.371,7,39,.179,45,101,.446,.396,22,27,.815,11,55,66,108,33,5,63,67,133
395,Anthony Tolliver,PF,24,TOT,46,29,1427,193,449,.430,50,152,.329,143,297,.481,.486,103,134,.769,84,236,320,87,32,33,46,128,539
396,Alando Tucker,SF,25,TOT,15,0,96,17,39,.436,1,7,.143,16,32,.500,.449,16,21,.762,6,4,10,4,0,0,5,6,51
397,Ronny Turiaf,C,27,GSW,42,20,872,85,146,.582,0,1,.000,85,145,.586,.582,37,78,.474,54,137,191,90,23,54,49,98,207
398,Hedo Turkoglu,SF,30,TOR,74,69,2272,276,674,.409,108,289,.374,168,385,.436,.490,175,226,.774,42,301,343,304,55,32,125,220,835
399,Ime Udoka,SG,32,SAC,69,2,944,91,241,.378,26,91,.286,65,150,.433,.432,42,57,.737,51,140,191,58,34,6,42,83,250
400,Beno Udrih,PG,27,SAC,79,41,2477,415,841,.493,75,199,.377,340,642,.530,.538,118,141,.837,38,181,219,372,89,10,136,166,1023
401,Roko Ukic,PG,25,MIL,13,0,97,14,30,.467,3,12,.250,11,18,.611,.517,9,11,.818,0,3,3,12,1,0,6,6,40
402,Anderson Varejao,PF,27,CLE,76,7,2166,267,467,.572,1,5,.200,266,462,.576,.573,116,175,.663,189,389,578,87,71,67,67,223,651
403,Charlie Villanueva,PF,25,DET,78,16,1848,363,827,.439,99,282,.351,264,545,.484,.499,106,130,.815,85,280,365,53,48,55,74,223,931
404,Sasha Vujacic,SG,25,LAL,67,1,575,66,164,.402,25,81,.309,41,83,.494,.479,28,33,.848,25,54,79,41,20,4,17,67,185
405,Dwyane Wade,SG,28,MIA,77,77,2792,719,1511,.476,73,243,.300,646,1268,.509,.500,534,702,.761,107,266,373,501,142,82,252,181,2045
406,Henry Walker,SG-SF,22,TOT,35,13,768,120,232,.517,50,116,.431,70,116,.603,.625,39,49,.796,15,73,88,40,23,3,28,83,329
407,Ben Wallace,C,35,DET,69,67,1975,158,292,.541,0,2,.000,158,290,.545,.541,65,160,.406,245,352,597,105,86,84,64,131,381
408,Gerald Wallace,SF,27,CHA,76,76,3119,456,943,.484,52,140,.371,404,803,.503,.511,422,544,.776,150,612,762,161,117,83,178,194,1386
409,Rasheed Wallace,C,35,BOS,79,13,1780,266,650,.409,82,290,.283,184,360,.511,.472,96,125,.768,42,283,325,80,80,70,63,222,710
410,Luke Walton,SF,29,LAL,29,0,272,30,84,.357,7,17,.412,23,67,.343,.399,2,4,.500,12,26,38,40,10,1,12,19,69
411,Hakim Warrick,PF,27,TOT,76,6,1557,265,550,.482,1,7,.143,264,543,.486,.483,202,274,.737,127,187,314,52,24,18,80,126,733
412,C.J. Watson,PG,25,GSW,65,15,1788,247,528,.468,45,145,.310,202,383,.527,.510,128,166,.771,28,141,169,180,103,8,69,124,667
413,Earl Watson,PG,30,IND,79,52,2322,223,524,.426,53,184,.288,170,340,.500,.476,120,169,.710,54,186,240,399,104,16,175,181,619
414,Kyle Weaver,SG,23,OKC,12,0,144,12,33,.364,7,19,.368,5,14,.357,.470,5,6,.833,1,17,18,11,6,6,4,13,36
415,Martell Webster,SF,23,POR,82,49,2005,259,639,.405,124,332,.373,135,307,.440,.502,126,155,.813,47,221,268,62,45,40,60,153,768
416,Sonny Weems,SG,23,TOR,69,19,1368,236,458,.515,2,15,.133,234,443,.528,.517,44,64,.688,42,150,192,101,39,25,65,126,518
417,David West,PF,29,NOH,81,81,2949,619,1226,.505,7,27,.259,612,1199,.510,.508,296,342,.865,164,441,605,239,76,60,173,233,1541
418,Delonte West,SG,26,CLE,60,3,1500,194,436,.445,25,77,.325,169,359,.471,.474,115,142,.810,29,140,169,196,55,28,90,86,528
419,Mario West,SG,25,ATL,39,1,142,12,21,.571,0,1,.000,12,20,.600,.571,6,10,.600,8,19,27,9,8,0,7,25,30
420,Russell Westbrook,PG,21,OKC,82,82,2813,485,1160,.418,23,104,.221,462,1056,.438,.428,329,422,.780,143,258,401,652,108,34,268,204,1322
421,D.J. White,PF,23,OKC,12,0,102,25,41,.610,0,0,0,25,41,.610,.610,9,10,.900,10,13,23,4,5,3,3,12,59
422,Chris Wilcox,PF,27,DET,34,10,441,63,120,.525,0,0,0,63,120,.525,.525,26,52,.500,44,73,117,13,13,12,38,64,152
423,Damien Wilkins,SF,30,MIN,80,31,1585,165,381,.433,18,61,.295,147,320,.459,.457,103,129,.798,72,177,249,135,66,25,76,144,451
424,Mike Wilks,PG,30,OKC,4,0,59,6,12,.500,2,3,.667,4,9,.444,.583,2,4,.500,1,3,4,4,0,0,4,5,16
425,Deron Williams,PG,25,UTA,76,76,2802,494,1053,.469,96,259,.371,398,794,.501,.515,335,418,.801,50,253,303,798,96,16,252,208,1419
426,Jason Williams,PG,34,ORL,82,18,1703,189,426,.444,84,221,.380,105,205,.512,.542,31,41,.756,7,119,126,298,53,3,87,65,493
427,Jawad Williams,PG,26,CLE,54,6,742,81,206,.393,30,93,.323,51,113,.451,.466,32,45,.711,16,67,83,34,12,5,18,73,224
428,Lou Williams,PG,23,PHI,64,38,1912,318,677,.470,70,206,.340,248,471,.527,.521,192,233,.824,25,162,187,268,80,15,106,110,898
429,Marcus Williams,PG,24,MEM,62,1,872,104,271,.384,24,81,.296,80,190,.421,.428,37,55,.673,13,80,93,161,32,1,74,43,269
430,Marvin Williams,SF,23,ATL,81,81,2468,302,664,.455,40,132,.303,262,532,.492,.485,176,215,.819,106,310,416,93,66,46,72,160,820
431,Mo Williams,PG,27,CLE,69,68,2359,378,855,.442,159,371,.429,219,484,.452,.535,177,198,.894,28,178,206,368,70,21,173,170,1092
432,Reggie Williams,SF,23,GSW,24,10,782,140,283,.495,33,92,.359,107,191,.560,.553,52,62,.839,18,92,110,66,23,6,29,49,365
433,Sean Williams,PF,23,NJN,20,0,227,21,49,.429,0,1,.000,21,48,.438,.429,10,19,.526,21,25,46,1,8,19,20,41,52
434,Shelden Williams,PF,26,BOS,54,0,597,63,121,.521,0,1,.000,63,120,.525,.521,75,98,.765,47,99,146,21,13,21,30,85,201
435,Terrence Williams,SF,22,NJN,78,9,1764,261,651,.401,31,100,.310,230,551,.417,.425,103,144,.715,46,302,348,223,43,10,124,126,656
436,Metta World Peace,SF,30,LAL,77,77,2605,306,740,.414,105,296,.355,201,444,.453,.484,128,186,.688,99,232,331,234,106,21,121,165,845
437,Antoine Wright,SF,25,TOR,67,10,1392,162,399,.406,58,173,.335,104,226,.460,.479,53,77,.688,38,152,190,71,30,11,58,134,435
438,Dorell Wright,SF,24,MIA,72,1,1496,194,419,.463,61,157,.389,133,262,.508,.536,61,69,.884,50,185,235,91,52,32,53,94,510
439,Julian Wright,SF,22,NOH,68,14,871,116,232,.500,2,6,.333,114,226,.504,.504,25,41,.610,58,86,144,41,29,18,44,45,259
440,Nick Young,SG,24,WAS,74,23,1421,233,558,.418,69,170,.406,164,388,.423,.479,104,130,.800,20,82,102,48,28,8,56,147,639
441,Sam Young,SF,24,MEM,80,1,1321,224,497,.451,11,56,.196,213,441,.483,.462,136,175,.777,77,124,201,52,34,20,94,106,595
442,Thaddeus Young,PF,21,PHI,67,45,2145,382,813,.470,48,138,.348,334,675,.495,.499,114,165,.691,130,220,350,97,81,15,126,133,926